OrgId,org_tp_rate,org_fp_rate,org_bp_rate,org_nb_incidents
0,0.9958677685950413,0.004132231404958678,0.0,242
1,0.9622641509433962,0.018867924528301886,0.018867924528301886,53
2,0.0008361204013377926,0.0,0.9991638795986622,1196
3,0.0017064846416382253,0.0017064846416382253,0.9965870307167235,586
4,0.005208333333333333,0.8645833333333334,0.13020833333333334,192
5,0.95,0.05,0.0,140
6,0.004228329809725159,0.004228329809725159,0.9915433403805497,473
7,0.008695652173913044,0.9434782608695652,0.04782608695652174,230
8,0.9850249584026622,0.0016638935108153079,0.013311148086522463,601
9,0.032520325203252036,0.3902439024390244,0.5772357723577236,123
10,0.9927536231884058,0.0,0.007246376811594203,138
11,0.026350461133069828,0.9736495388669302,0.0,759
12,0.0,0.004608294930875576,0.9953917050691244,217
13,0.0,0.0015037593984962407,0.9984962406015038,665
14,0.902127659574468,0.0,0.09787234042553192,235
16,0.0,0.0034965034965034965,0.9965034965034965,286
17,0.00641025641025641,0.9935897435897436,0.0,156
18,0.002127659574468085,0.9957446808510638,0.002127659574468085,470
19,0.24817518248175183,0.0,0.7518248175182481,274
20,0.0,0.5136986301369864,0.4863013698630137,146
21,0.0,0.0,1.0,115
22,1.0,0.0,0.0,22
23,0.8636363636363636,0.13636363636363635,0.0,22
24,0.5159817351598174,0.0365296803652968,0.4474885844748858,438
25,0.0,0.0,1.0,35
26,0.0038314176245210726,0.034482758620689655,0.9616858237547893,261
27,0.08333333333333333,0.25,0.6666666666666666,12
28,0.8293838862559242,0.17061611374407584,0.0,211
29,0.010810810810810811,0.016216216216216217,0.972972972972973,185
30,0.0,0.7309941520467836,0.26900584795321636,171
31,0.0,0.006896551724137931,0.993103448275862,145
32,0.0,0.019704433497536946,0.9802955665024631,203
33,0.03942652329749104,0.0035842293906810036,0.956989247311828,279
34,0.004016064257028112,0.024096385542168676,0.9718875502008032,249
35,0.9285714285714286,0.07142857142857142,0.0,14
36,0.233502538071066,0.3553299492385787,0.41116751269035534,197
37,0.0,1.0,0.0,100
38,0.47509578544061304,0.007662835249042145,0.5172413793103449,261
39,0.36134453781512604,0.008403361344537815,0.6302521008403361,119
40,0.005649717514124294,0.005649717514124294,0.9887005649717514,177
41,0.9834710743801653,0.008264462809917356,0.008264462809917356,121
42,0.0,0.125,0.875,16
43,0.1032258064516129,0.012903225806451613,0.8838709677419355,155
44,0.0033222591362126247,0.0033222591362126247,0.9933554817275747,301
45,0.0,0.8083333333333333,0.19166666666666668,120
46,0.0947867298578199,0.17535545023696683,0.7298578199052133,211
47,0.0,1.0,0.0,223
48,0.0036900369003690036,0.0036900369003690036,0.992619926199262,271
49,0.991869918699187,0.008130081300813009,0.0,123
50,0.7333333333333333,0.2,0.06666666666666667,15
51,0.0,0.0,1.0,134
52,0.18803418803418803,0.008547008547008548,0.8034188034188035,117
53,0.014492753623188406,0.7246376811594203,0.2608695652173913,69
54,0.13815789473684212,0.019736842105263157,0.8421052631578947,152
55,0.7792207792207793,0.03896103896103896,0.18181818181818182,154
56,0.2602739726027397,0.0136986301369863,0.7191780821917808,146
57,0.06837606837606838,0.017094017094017096,0.9145299145299145,117
58,0.0,0.04854368932038835,0.9514563106796117,103
59,0.047619047619047616,0.007936507936507936,0.9444444444444444,126
60,0.0,1.0,0.0,6
61,0.017241379310344827,0.43103448275862066,0.5517241379310345,116
62,0.9766536964980544,0.007782101167315175,0.01556420233463035,257
63,1.0,0.0,0.0,9
64,0.0,0.0,1.0,143
65,0.07741935483870968,0.8903225806451613,0.03225806451612903,155
66,0.9848484848484849,0.007575757575757576,0.007575757575757576,132
67,0.010752688172043012,0.053763440860215055,0.9354838709677419,93
68,0.0,0.013333333333333334,0.9866666666666667,75
69,0.0,0.24705882352941178,0.7529411764705882,85
70,0.012195121951219513,0.012195121951219513,0.975609756097561,82
71,0.02127659574468085,0.9787234042553191,0.0,47
73,0.0,0.9191919191919192,0.06060606060606061,99
74,0.10909090909090909,0.01818181818181818,0.8727272727272727,55
75,0.8571428571428571,0.14285714285714285,0.0,7
76,1.0,0.0,0.0,10
77,0.01020408163265306,0.07142857142857142,0.9183673469387755,98
78,0.14285714285714285,0.0,0.8571428571428571,70
79,0.0,1.0,0.0,84
81,0.0,0.017543859649122806,0.9824561403508771,57
82,0.6904761904761905,0.2857142857142857,0.023809523809523808,42
83,0.0,0.0,0.996268656716418,268
84,0.94,0.02,0.02,50
85,0.04225352112676056,0.0,0.9577464788732394,71
86,0.0,0.046511627906976744,0.9534883720930233,43
87,0.019230769230769232,0.8846153846153846,0.09615384615384616,52
88,0.0,1.0,0.0,48
89,0.8,0.0,0.2,5
91,0.0,0.03225806451612903,0.967741935483871,62
92,0.06060606060606061,0.15151515151515152,0.7878787878787878,33
93,0.6,0.2,0.2,5
94,0.05263157894736842,0.0,0.9473684210526315,19
95,0.6136363636363636,0.3409090909090909,0.045454545454545456,44
96,0.02666666666666667,0.7733333333333333,0.2,75
97,0.7954545454545454,0.18181818181818182,0.022727272727272728,44
98,0.01680672268907563,0.9747899159663865,0.008403361344537815,119
99,0.2857142857142857,0.7142857142857143,0.0,7
100,0.0078125,0.0,0.9921875,128
102,0.023255813953488372,0.0,0.9767441860465116,43
103,0.02857142857142857,0.3142857142857143,0.6571428571428571,35
104,0.0,0.9696969696969697,0.030303030303030304,33
105,0.02564102564102564,0.5128205128205128,0.46153846153846156,39
106,0.02857142857142857,0.34285714285714286,0.6285714285714286,35
107,0.7714285714285715,0.02857142857142857,0.2,35
108,0.1794871794871795,0.05128205128205128,0.7692307692307693,39
109,0.027777777777777776,0.06944444444444445,0.9027777777777778,72
110,1.0,0.0,0.0,6
111,0.05555555555555555,0.16666666666666666,0.7777777777777778,18
112,0.01818181818181818,0.03636363636363636,0.9454545454545454,55
113,0.8631578947368421,0.0,0.1368421052631579,95
114,0.0,0.8867924528301887,0.11320754716981132,53
115,0.4634146341463415,0.04878048780487805,0.4878048780487805,41
117,0.8333333333333334,0.16666666666666666,0.0,6
118,0.018518518518518517,0.09259259259259259,0.8888888888888888,54
119,0.02040816326530612,0.9795918367346939,0.0,49
120,0.0,0.0,1.0,28
121,0.9814814814814815,0.018518518518518517,0.0,54
122,0.023809523809523808,0.9523809523809523,0.023809523809523808,42
123,0.9069767441860465,0.06976744186046512,0.023255813953488372,43
124,0.02631578947368421,0.9736842105263158,0.0,38
125,0.029411764705882353,0.029411764705882353,0.9411764705882353,34
126,0.47058823529411764,0.11764705882352941,0.4117647058823529,34
127,0.5714285714285714,0.42857142857142855,0.0,7
128,0.08333333333333333,0.0,0.9166666666666666,12
129,0.1,0.025,0.875,40
130,0.3333333333333333,0.041666666666666664,0.625,48
131,0.0,0.041666666666666664,0.9583333333333334,24
132,0.04,0.04,0.92,25
133,0.0,0.0,1.0,43
134,0.029411764705882353,0.058823529411764705,0.9117647058823529,34
135,0.01639344262295082,0.01639344262295082,0.9672131147540983,61
136,0.0,0.25396825396825395,0.746031746031746,63
137,0.01639344262295082,0.01639344262295082,0.9672131147540983,61
138,0.15,0.025,0.825,40
139,0.023809523809523808,0.023809523809523808,0.9523809523809523,42
140,0.0,1.0,0.0,59
141,0.05714285714285714,0.0,0.9428571428571428,35
142,0.014705882352941176,0.9852941176470589,0.0,68
143,0.8,0.2,0.0,5
144,0.04,0.0,0.96,25
145,0.40540540540540543,0.05405405405405406,0.5405405405405406,37
146,0.2727272727272727,0.5454545454545454,0.09090909090909091,11
147,0.559322033898305,0.4406779661016949,0.0,59
148,1.0,0.0,0.0,18
149,0.02564102564102564,0.0,0.9743589743589743,39
150,0.030303030303030304,0.45454545454545453,0.5151515151515151,33
151,0.03125,0.0,0.96875,32
152,0.030303030303030304,0.12121212121212122,0.8484848484848485,33
153,0.9047619047619048,0.0,0.09523809523809523,21
154,0.047619047619047616,0.0,0.9523809523809523,21
155,0.8333333333333334,0.16666666666666666,0.0,6
156,0.08695652173913043,0.0,0.9130434782608695,23
158,0.11320754716981132,0.8113207547169812,0.07547169811320754,53
159,0.02631578947368421,0.9473684210526315,0.02631578947368421,38
160,0.07692307692307693,0.6538461538461539,0.2692307692307692,26
161,0.0,0.0,1.0,36
162,0.7948717948717948,0.0,0.20512820512820512,39
164,0.0625,0.0,0.9375,32
165,0.045454545454545456,0.045454545454545456,0.9090909090909091,22
167,0.045454545454545456,0.0,0.9545454545454546,22
168,0.06060606060606061,0.8484848484848485,0.09090909090909091,33
169,0.8888888888888888,0.1111111111111111,0.0,9
170,0.022222222222222223,0.9777777777777777,0.0,45
171,0.1875,0.15625,0.65625,32
172,0.5862068965517241,0.034482758620689655,0.3793103448275862,29
173,0.9122807017543859,0.017543859649122806,0.07017543859649122,57
174,0.2830188679245283,0.0,0.7169811320754716,53
175,0.02702702702702703,0.0,0.972972972972973,37
176,1.0,0.0,0.0,14
177,0.6206896551724138,0.3448275862068966,0.034482758620689655,29
179,0.09090909090909091,0.09090909090909091,0.8181818181818182,11
180,0.043478260869565216,0.0,0.9565217391304348,23
181,0.024390243902439025,0.0,0.975609756097561,41
182,0.0,0.018867924528301886,0.9811320754716981,53
183,0.030303030303030304,0.030303030303030304,0.9393939393939394,33
184,0.0,1.0,0.0,45
185,0.0,0.92,0.08,25
186,0.03125,0.46875,0.5,32
187,0.0,1.0,0.0,12
188,0.041666666666666664,0.041666666666666664,0.9166666666666666,24
189,0.0,0.6666666666666666,0.3333333333333333,21
190,0.13432835820895522,0.34328358208955223,0.5223880597014925,67
191,0.09090909090909091,0.0,0.9090909090909091,22
192,0.8064516129032258,0.0,0.1935483870967742,31
193,0.0,0.0,1.0,45
194,0.0,0.20833333333333334,0.7916666666666666,24
195,0.47058823529411764,0.47058823529411764,0.058823529411764705,17
196,1.0,0.0,0.0,28
197,0.9583333333333334,0.041666666666666664,0.0,24
198,0.08571428571428572,0.02857142857142857,0.8857142857142857,35
200,0.8484848484848485,0.09090909090909091,0.06060606060606061,33
201,0.043478260869565216,0.043478260869565216,0.9130434782608695,23
203,0.2916666666666667,0.0,0.7083333333333334,24
205,0.65625,0.03125,0.3125,32
206,0.0,1.0,0.0,40
207,0.0,0.0,1.0,19
208,0.0,0.6571428571428571,0.34285714285714286,35
209,0.5555555555555556,0.4444444444444444,0.0,9
210,0.023809523809523808,0.8809523809523809,0.09523809523809523,42
211,0.04,0.92,0.04,25
212,0.18181818181818182,0.7272727272727273,0.09090909090909091,11
214,0.037037037037037035,0.5925925925925926,0.37037037037037035,27
215,0.125,0.08333333333333333,0.7916666666666666,24
216,0.9444444444444444,0.05555555555555555,0.0,18
217,0.0,0.043478260869565216,0.9565217391304348,23
218,0.3,0.7,0.0,10
219,0.041666666666666664,0.125,0.8333333333333334,24
220,0.13333333333333333,0.4666666666666667,0.4,15
221,0.42857142857142855,0.2857142857142857,0.2857142857142857,7
222,0.025,0.975,0.0,40
223,0.041666666666666664,0.041666666666666664,0.9166666666666666,24
225,0.32142857142857145,0.2857142857142857,0.39285714285714285,28
227,0.9523809523809523,0.047619047619047616,0.0,21
228,0.0,0.03125,0.96875,32
229,0.4117647058823529,0.0,0.5882352941176471,17
230,0.8823529411764706,0.058823529411764705,0.058823529411764705,17
231,0.20833333333333334,0.041666666666666664,0.75,24
232,0.0,0.0625,0.9375,16
233,0.85,0.05,0.1,20
234,0.95,0.05,0.0,20
236,0.14893617021276595,0.02127659574468085,0.8297872340425532,47
237,0.7,0.3,0.0,30
238,0.7647058823529411,0.058823529411764705,0.17647058823529413,17
239,0.6666666666666666,0.3333333333333333,0.0,18
240,1.0,0.0,0.0,18
242,0.5384615384615384,0.38461538461538464,0.07692307692307693,13
243,0.9230769230769231,0.038461538461538464,0.038461538461538464,26
244,0.0,0.2631578947368421,0.7368421052631579,19
245,0.9473684210526315,0.0,0.05263157894736842,19
246,0.0,0.0,1.0,82
247,0.3157894736842105,0.05263157894736842,0.631578947368421,19
248,0.0,0.0,1.0,22
249,0.25,0.2916666666666667,0.4583333333333333,24
250,0.0,0.043478260869565216,0.9565217391304348,23
251,0.0,1.0,0.0,23
252,0.03125,0.96875,0.0,32
253,0.8571428571428571,0.07142857142857142,0.07142857142857142,14
254,0.0,0.02857142857142857,0.9714285714285714,35
255,0.8235294117647058,0.11764705882352941,0.058823529411764705,17
256,0.05555555555555555,0.9444444444444444,0.0,18
257,0.041666666666666664,0.041666666666666664,0.9166666666666666,24
259,0.0,0.3125,0.6875,16
260,0.0,0.09523809523809523,0.9047619047619048,42
261,0.0,0.0,1.0,21
262,0.05555555555555555,0.05555555555555555,0.8888888888888888,18
263,1.0,0.0,0.0,11
264,0.12162162162162163,0.8783783783783784,0.0,74
265,0.0,1.0,0.0,14
266,0.058823529411764705,0.0,0.9411764705882353,17
267,0.0,0.7142857142857143,0.2857142857142857,21
270,0.07692307692307693,0.23076923076923078,0.6923076923076923,13
272,0.9,0.0,0.1,20
273,0.09090909090909091,0.0,0.9090909090909091,11
274,0.08333333333333333,0.8333333333333334,0.08333333333333333,12
275,0.2857142857142857,0.7142857142857143,0.0,7
276,0.047619047619047616,0.5238095238095238,0.42857142857142855,21
277,0.06666666666666667,0.0,0.9333333333333333,15
278,0.0,0.0,1.0,20
279,0.14285714285714285,0.7142857142857143,0.14285714285714285,14
280,0.9655172413793104,0.0,0.034482758620689655,29
281,0.15,0.0,0.85,20
282,0.35714285714285715,0.6428571428571429,0.0,14
283,1.0,0.0,0.0,5
284,0.9047619047619048,0.09523809523809523,0.0,21
285,0.0,0.0,1.0,18
286,0.75,0.125,0.125,8
287,0.09090909090909091,0.045454545454545456,0.8636363636363636,22
288,0.07692307692307693,0.07692307692307693,0.8461538461538461,13
289,0.08695652173913043,0.043478260869565216,0.8695652173913043,23
290,0.0,0.9473684210526315,0.05263157894736842,19
292,0.2,0.76,0.04,25
293,0.07692307692307693,0.38461538461538464,0.5384615384615384,13
295,0.6666666666666666,0.3333333333333333,0.0,6
296,0.05555555555555555,0.05555555555555555,0.8888888888888888,18
297,0.05,0.05,0.9,20
298,0.0,0.05555555555555555,0.9444444444444444,18
299,0.125,0.0625,0.8125,16
300,0.08333333333333333,0.08333333333333333,0.8333333333333334,12
301,0.0,0.0,1.0,13
302,0.0625,0.0,0.9375,16
304,0.1111111111111111,0.5555555555555556,0.3333333333333333,18
306,0.08333333333333333,0.8333333333333334,0.08333333333333333,12
307,0.0,0.9166666666666666,0.08333333333333333,24
308,0.125,0.6666666666666666,0.20833333333333334,24
309,0.45454545454545453,0.36363636363636365,0.18181818181818182,11
310,0.8947368421052632,0.05263157894736842,0.05263157894736842,19
311,0.0,0.1111111111111111,0.8888888888888888,9
312,0.9565217391304348,0.0,0.043478260869565216,23
313,0.3125,0.125,0.5625,16
314,0.18181818181818182,0.045454545454545456,0.7727272727272727,22
315,0.0,0.0,1.0,13
316,0.07692307692307693,0.07692307692307693,0.8461538461538461,13
317,0.030303030303030304,0.030303030303030304,0.9393939393939394,33
318,0.46153846153846156,0.07692307692307693,0.46153846153846156,13
319,0.4166666666666667,0.5,0.08333333333333333,12
320,0.0,0.058823529411764705,0.9411764705882353,17
321,0.041666666666666664,0.08333333333333333,0.875,24
322,0.0,0.045454545454545456,0.9545454545454546,22
323,0.1,0.2,0.7,10
324,0.125,0.0,0.875,8
325,0.09090909090909091,0.09090909090909091,0.8181818181818182,11
326,0.3,0.2,0.5,10
327,0.07142857142857142,0.0,0.9285714285714286,28
329,0.0,1.0,0.0,23
330,0.06666666666666667,0.13333333333333333,0.8,15
332,0.0,0.0,1.0,10
334,0.2857142857142857,0.0,0.7142857142857143,14
335,0.8461538461538461,0.07692307692307693,0.07692307692307693,13
336,0.14285714285714285,0.0,0.8571428571428571,21
337,0.8235294117647058,0.17647058823529413,0.0,17
338,0.5,0.5,0.0,8
339,0.3888888888888889,0.2777777777777778,0.3333333333333333,18
340,0.0,0.0,1.0,10
341,0.10526315789473684,0.0,0.8947368421052632,19
342,0.15384615384615385,0.23076923076923078,0.6153846153846154,13
343,0.29411764705882354,0.29411764705882354,0.4117647058823529,17
344,0.0,0.16666666666666666,0.8333333333333334,6
345,1.0,0.0,0.0,25
346,0.0,0.058823529411764705,0.9411764705882353,17
348,0.0,0.1111111111111111,0.8888888888888888,9
350,0.041666666666666664,0.041666666666666664,0.9166666666666666,24
351,0.4444444444444444,0.1111111111111111,0.4444444444444444,9
352,0.7,0.3,0.0,10
353,0.6,0.2,0.2,5
354,0.9285714285714286,0.07142857142857142,0.0,14
355,0.125,0.75,0.125,8
356,0.0,0.0,1.0,11
357,0.3076923076923077,0.6923076923076923,0.0,13
358,0.1111111111111111,0.7777777777777778,0.1111111111111111,9
360,0.75,0.125,0.125,8
361,0.25,0.25,0.5,8
363,0.0,0.0,1.0,5
364,0.058823529411764705,0.058823529411764705,0.8823529411764706,17
365,0.0,1.0,0.0,12
366,0.05555555555555555,0.0,0.9444444444444444,18
368,0.07142857142857142,0.21428571428571427,0.7142857142857143,14
369,0.125,0.6875,0.1875,16
370,0.0,0.0,1.0,12
371,0.6,0.0,0.4,10
372,0.0,0.0,1.0,7
373,0.9285714285714286,0.0,0.07142857142857142,14
374,0.8214285714285714,0.07142857142857142,0.10714285714285714,28
375,0.0,1.0,0.0,8
376,0.11764705882352941,0.8235294117647058,0.058823529411764705,17
378,0.125,0.125,0.75,8
379,0.0,0.9090909090909091,0.09090909090909091,11
380,0.08333333333333333,0.08333333333333333,0.8333333333333334,12
381,0.42857142857142855,0.42857142857142855,0.14285714285714285,7
382,0.3333333333333333,0.16666666666666666,0.5,6
383,0.2,0.6,0.2,5
385,0.0,0.42857142857142855,0.5714285714285714,7
386,0.0,1.0,0.0,7
387,0.9166666666666666,0.08333333333333333,0.0,12
388,0.0,0.0,1.0,22
389,0.0,0.1,0.9,10
390,0.2222222222222222,0.7777777777777778,0.0,9
391,0.0625,0.3125,0.625,16
392,0.6666666666666666,0.16666666666666666,0.16666666666666666,6
393,0.9230769230769231,0.07692307692307693,0.0,13
394,0.0,0.0,1.0,9
395,0.125,0.875,0.0,8
396,0.3333333333333333,0.6666666666666666,0.0,9
397,0.375,0.125,0.5,8
398,0.9,0.1,0.0,10
400,0.1,0.1,0.8,10
401,0.4166666666666667,0.5833333333333334,0.0,12
402,0.23076923076923078,0.7692307692307693,0.0,13
403,0.16666666666666666,0.16666666666666666,0.6666666666666666,6
404,0.0,0.8571428571428571,0.14285714285714285,7
405,0.0,0.0,1.0,13
406,0.8333333333333334,0.0,0.16666666666666666,18
407,0.0,0.0,1.0,12
408,0.07692307692307693,0.3076923076923077,0.6153846153846154,13
409,1.0,0.0,0.0,11
410,0.0625,0.0,0.9375,16
411,0.3,0.2,0.5,10
412,0.07692307692307693,0.8461538461538461,0.07692307692307693,13
413,0.8461538461538461,0.15384615384615385,0.0,13
414,0.875,0.0,0.125,8
415,0.125,0.25,0.625,8
416,0.14285714285714285,0.5714285714285714,0.2857142857142857,7
417,0.6,0.4,0.0,15
418,0.16666666666666666,0.7916666666666666,0.041666666666666664,24
419,0.2,0.3,0.5,10
420,0.0,0.1111111111111111,0.8888888888888888,9
422,0.1111111111111111,0.1111111111111111,0.7777777777777778,9
423,0.0,0.2,0.8,10
426,0.6666666666666666,0.3333333333333333,0.0,15
427,0.1,0.0,0.9,10
428,0.0,0.09090909090909091,0.9090909090909091,11
430,0.16666666666666666,0.16666666666666666,0.6666666666666666,6
431,0.0,0.1111111111111111,0.8888888888888888,9
432,0.125,0.625,0.25,8
433,0.6363636363636364,0.18181818181818182,0.18181818181818182,11
434,0.0,0.0,1.0,14
435,0.2,0.0,0.8,5
437,0.125,0.0,0.875,8
438,0.0,0.0625,0.9375,16
439,0.8,0.2,0.0,5
440,1.0,0.0,0.0,14
441,0.2857142857142857,0.42857142857142855,0.2857142857142857,7
442,0.7777777777777778,0.2222222222222222,0.0,9
443,0.8181818181818182,0.0,0.18181818181818182,11
444,0.14285714285714285,0.2857142857142857,0.5714285714285714,7
445,0.9090909090909091,0.0,0.09090909090909091,11
447,0.0,1.0,0.0,8
448,0.14285714285714285,0.7142857142857143,0.14285714285714285,7
449,0.0,1.0,0.0,12
450,0.18181818181818182,0.0,0.8181818181818182,11
451,0.0,0.0,1.0,19
452,0.0,1.0,0.0,17
453,0.36363636363636365,0.45454545454545453,0.18181818181818182,11
454,0.35714285714285715,0.5714285714285714,0.07142857142857142,14
455,0.8571428571428571,0.14285714285714285,0.0,7
456,0.16666666666666666,0.16666666666666666,0.6666666666666666,6
457,0.6153846153846154,0.3076923076923077,0.07692307692307693,13
458,0.2,0.2,0.6,5
459,0.0,0.0,1.0,5
460,0.125,0.625,0.25,8
461,0.2857142857142857,0.42857142857142855,0.2857142857142857,7
462,0.0,0.16666666666666666,0.8333333333333334,6
463,0.1724137931034483,0.0,0.8275862068965517,29
464,0.6666666666666666,0.3333333333333333,0.0,9
465,0.07692307692307693,0.9230769230769231,0.0,13
467,0.1111111111111111,0.2222222222222222,0.6666666666666666,9
469,0.3333333333333333,0.5,0.16666666666666666,6
470,0.0,0.0,1.0,6
471,0.0,0.9,0.1,10
473,0.1,0.0,0.9,10
474,0.14285714285714285,0.42857142857142855,0.42857142857142855,7
475,0.7142857142857143,0.14285714285714285,0.14285714285714285,7
476,0.0625,0.9375,0.0,16
477,0.2857142857142857,0.5714285714285714,0.14285714285714285,7
478,0.07692307692307693,0.0,0.9230769230769231,13
479,0.3333333333333333,0.4444444444444444,0.2222222222222222,9
480,0.16666666666666666,0.0,0.8333333333333334,6
481,0.0,0.14285714285714285,0.8571428571428571,7
482,0.14285714285714285,0.8571428571428571,0.0,7
483,0.0,0.14285714285714285,0.8571428571428571,7
484,0.7777777777777778,0.1111111111111111,0.1111111111111111,9
485,0.16666666666666666,0.8333333333333334,0.0,6
486,0.6363636363636364,0.2727272727272727,0.09090909090909091,11
487,0.8888888888888888,0.0,0.1111111111111111,9
488,0.2222222222222222,0.5555555555555556,0.2222222222222222,9
489,0.0,1.0,0.0,5
490,0.14285714285714285,0.2857142857142857,0.5714285714285714,7
491,0.0,0.875,0.125,8
492,0.6666666666666666,0.3333333333333333,0.0,21
493,0.2,0.6,0.2,5
494,0.0,0.0,1.0,5
495,0.75,0.125,0.125,8
496,0.625,0.0,0.375,8
497,0.07692307692307693,0.9230769230769231,0.0,13
498,0.0,1.0,0.0,8
500,0.0,0.14285714285714285,0.8571428571428571,7
501,0.0,0.2,0.8,10
502,0.8,0.1,0.1,10
503,0.0,0.16666666666666666,0.8333333333333334,6
504,0.09090909090909091,0.8181818181818182,0.09090909090909091,11
505,0.3333333333333333,0.5833333333333334,0.08333333333333333,12
506,0.09090909090909091,0.8181818181818182,0.09090909090909091,11
507,0.6363636363636364,0.0,0.36363636363636365,11
510,0.125,0.0,0.875,8
511,0.0,0.5555555555555556,0.4444444444444444,9
512,0.8888888888888888,0.1111111111111111,0.0,9
515,0.5294117647058824,0.0,0.47058823529411764,17
516,0.8181818181818182,0.09090909090909091,0.09090909090909091,11
520,0.09090909090909091,0.0,0.9090909090909091,11
523,0.07692307692307693,0.07692307692307693,0.8461538461538461,13
524,0.0,0.0,1.0,8
525,0.8571428571428571,0.14285714285714285,0.0,7
526,0.0,1.0,0.0,6
528,0.14285714285714285,0.14285714285714285,0.7142857142857143,7
530,0.07142857142857142,0.07142857142857142,0.8571428571428571,14
531,0.875,0.125,0.0,8
532,0.0,1.0,0.0,7
533,0.0,0.0,1.0,11
534,0.0,1.0,0.0,7
535,0.7272727272727273,0.09090909090909091,0.18181818181818182,11
539,0.0,0.0,1.0,10
543,0.07692307692307693,0.07692307692307693,0.8461538461538461,13
544,0.5714285714285714,0.14285714285714285,0.2857142857142857,7
545,0.1,0.1,0.8,10
547,0.6,0.4,0.0,5
548,0.0,0.7777777777777778,0.2222222222222222,9
550,0.8888888888888888,0.1111111111111111,0.0,9
551,0.0,0.1111111111111111,0.8888888888888888,9
552,0.0,0.4,0.6,5
553,0.0,0.0,1.0,15
554,0.125,0.125,0.75,8
555,0.375,0.625,0.0,8
556,0.2222222222222222,0.7777777777777778,0.0,9
557,0.125,0.75,0.125,8
558,0.6428571428571429,0.2857142857142857,0.07142857142857142,14
559,0.1,0.8,0.1,10
560,0.4,0.0,0.6,5
561,0.06666666666666667,0.06666666666666667,0.8666666666666667,15
562,0.16666666666666666,0.16666666666666666,0.6666666666666666,6
564,1.0,0.0,0.0,9
565,0.25,0.5,0.25,8
566,0.0,0.0,1.0,10
567,0.0,1.0,0.0,12
568,1.0,0.0,0.0,5
571,0.9473684210526315,0.05263157894736842,0.0,19
573,0.25,0.75,0.0,8
574,0.16666666666666666,0.0,0.8333333333333334,6
576,0.0,0.2,0.8,5
577,0.14285714285714285,0.14285714285714285,0.7142857142857143,7
578,0.5714285714285714,0.0,0.42857142857142855,7
579,0.0,0.3333333333333333,0.6666666666666666,9
580,0.0,1.0,0.0,9
582,0.1111111111111111,0.3333333333333333,0.5555555555555556,9
583,0.14285714285714285,0.2857142857142857,0.5714285714285714,7
584,0.16666666666666666,0.3333333333333333,0.5,6
585,0.25,0.0,0.75,8
586,0.08333333333333333,0.75,0.16666666666666666,12
588,0.0,0.16666666666666666,0.8333333333333334,12
589,0.125,0.875,0.0,8
591,0.14285714285714285,0.8571428571428571,0.0,7
592,0.25,0.125,0.625,8
593,1.0,0.0,0.0,6
594,0.0,0.2,0.8,5
596,0.16666666666666666,0.0,0.8333333333333334,6
597,0.125,0.125,0.75,8
598,0.875,0.125,0.0,8
599,0.14285714285714285,0.14285714285714285,0.7142857142857143,7
600,0.0,1.0,0.0,5
602,0.2,0.2,0.2,5
603,0.0,1.0,0.0,11
604,0.125,0.125,0.75,8
605,0.0,0.0,1.0,6
606,0.4,0.6,0.0,5
608,0.5,0.5,0.0,8
609,0.0625,0.9375,0.0,16
610,0.3076923076923077,0.0,0.6923076923076923,13
611,0.8,0.0,0.2,5
613,0.2,0.8,0.0,5
614,0.0,0.0,1.0,8
615,0.0,0.0,1.0,6
616,0.2,0.2,0.6,5
617,0.0,0.16666666666666666,0.8333333333333334,6
618,0.0,0.42857142857142855,0.5714285714285714,7
619,0.0,0.875,0.125,8
620,0.0,1.0,0.0,5
621,0.09090909090909091,0.0,0.9090909090909091,11
622,0.2,0.2,0.6,5
624,0.0,0.16666666666666666,0.8333333333333334,6
625,0.0,0.0,1.0,11
626,0.42857142857142855,0.42857142857142855,0.14285714285714285,7
628,0.0,0.058823529411764705,0.9411764705882353,17
631,0.16666666666666666,0.8333333333333334,0.0,6
632,0.1,0.1,0.8,10
633,0.0,0.0,1.0,6
636,0.6666666666666666,0.3333333333333333,0.0,6
638,0.4444444444444444,0.1111111111111111,0.4444444444444444,9
639,0.8333333333333334,0.16666666666666666,0.0,6
640,0.2,0.4,0.4,5
642,0.0,0.5555555555555556,0.4444444444444444,9
644,0.125,0.5,0.375,8
645,0.6666666666666666,0.3333333333333333,0.0,6
647,0.1,0.8,0.1,10
648,0.2,0.6,0.2,5
649,0.0,0.0,1.0,16
650,0.0,0.8,0.2,5
653,0.0,1.0,0.0,5
654,0.4,0.4,0.2,5
655,0.16666666666666666,0.3333333333333333,0.5,6
656,0.2857142857142857,0.5714285714285714,0.14285714285714285,7
658,0.6666666666666666,0.16666666666666666,0.16666666666666666,6
659,0.0,0.0,1.0,6
662,0.16666666666666666,0.0,0.8333333333333334,6
663,0.0,0.2,0.8,5
665,0.8571428571428571,0.14285714285714285,0.0,7
666,1.0,0.0,0.0,5
668,0.2857142857142857,0.7142857142857143,0.0,7
669,0.14285714285714285,0.14285714285714285,0.7142857142857143,7
670,0.6666666666666666,0.16666666666666666,0.16666666666666666,6
672,0.16666666666666666,0.0,0.8333333333333334,6
673,0.0,0.14285714285714285,0.8571428571428571,7
674,0.2777777777777778,0.1111111111111111,0.6111111111111112,18
675,0.2,0.6,0.2,5
676,0.16666666666666666,0.0,0.8333333333333334,6
677,0.75,0.125,0.125,8
678,0.0,1.0,0.0,6
680,0.4,0.2,0.4,5
681,0.2,0.8,0.0,5
683,0.1111111111111111,0.4444444444444444,0.4444444444444444,9
686,0.0,0.0,1.0,6
689,0.16666666666666666,0.8333333333333334,0.0,6
690,0.25,0.0,0.75,8
696,0.0,0.14285714285714285,0.8571428571428571,7
697,0.2857142857142857,0.5714285714285714,0.14285714285714285,7
698,0.7142857142857143,0.0,0.2857142857142857,7
699,0.0,0.8333333333333334,0.16666666666666666,6
705,0.16666666666666666,0.8333333333333334,0.0,6
707,0.0,0.875,0.125,8
708,0.1111111111111111,0.6666666666666666,0.2222222222222222,9
710,1.0,0.0,0.0,6
711,0.0,1.0,0.0,6
712,0.3076923076923077,0.6923076923076923,0.0,13
715,0.6666666666666666,0.16666666666666666,0.16666666666666666,6
717,0.3333333333333333,0.16666666666666666,0.5,6
719,0.3333333333333333,0.5,0.16666666666666666,6
720,0.7777777777777778,0.0,0.2222222222222222,9
721,0.6666666666666666,0.2222222222222222,0.1111111111111111,9
722,0.1111111111111111,0.7777777777777778,0.1111111111111111,9
726,0.0,0.14285714285714285,0.8571428571428571,7
727,0.2,0.2,0.6,5
729,0.0,0.0,1.0,5
734,0.4,0.2,0.4,5
737,0.0,0.0,1.0,7
738,0.16666666666666666,0.16666666666666666,0.5,6
740,0.7142857142857143,0.14285714285714285,0.14285714285714285,7
743,0.125,0.0,0.875,16
746,1.0,0.0,0.0,5
747,0.0,0.4,0.6,5
752,0.8,0.2,0.0,5
754,0.16666666666666666,0.0,0.8333333333333334,6
756,0.2,0.4,0.4,5
757,0.6,0.2,0.2,5
758,0.2,0.0,0.8,5
760,0.2,0.6,0.2,5
761,1.0,0.0,0.0,9
762,0.16666666666666666,0.6666666666666666,0.16666666666666666,6
763,0.8333333333333334,0.16666666666666666,0.0,6
766,0.2,0.4,0.4,5
767,0.0,0.0,1.0,5
770,0.16666666666666666,0.8333333333333334,0.0,6
771,0.16666666666666666,0.16666666666666666,0.6666666666666666,6
772,0.5,0.16666666666666666,0.3333333333333333,6
773,0.09090909090909091,0.09090909090909091,0.8181818181818182,11
774,0.8,0.2,0.0,10
776,0.2,0.4,0.4,5
778,0.3333333333333333,0.3333333333333333,0.3333333333333333,6
779,0.0,0.875,0.125,8
781,0.0,1.0,0.0,8
787,0.0,0.9090909090909091,0.09090909090909091,11
791,0.16666666666666666,0.6666666666666666,0.16666666666666666,6
792,0.0,1.0,0.0,14
794,0.3333333333333333,0.0,0.6666666666666666,6
795,0.0,0.2,0.8,5
798,0.75,0.125,0.125,8
799,0.8,0.0,0.2,5
801,0.0,0.2,0.8,5
803,0.16666666666666666,0.16666666666666666,0.6666666666666666,6
819,0.0,0.16666666666666666,0.8333333333333334,6
824,0.0,0.0,1.0,5
826,0.0,0.4,0.6,5
828,0.14285714285714285,0.14285714285714285,0.7142857142857143,7
830,0.7142857142857143,0.14285714285714285,0.14285714285714285,7
832,0.0,0.16666666666666666,0.8333333333333334,6
836,0.42857142857142855,0.5714285714285714,0.0,7
842,0.0,0.0,1.0,6
844,0.0,0.0,1.0,9
849,0.2857142857142857,0.0,0.7142857142857143,7
853,0.5,0.3333333333333333,0.16666666666666666,6
858,0.4,0.6,0.0,5
862,0.2857142857142857,0.7142857142857143,0.0,7
864,0.14285714285714285,0.8571428571428571,0.0,7
865,0.5714285714285714,0.14285714285714285,0.2857142857142857,7
873,0.8,0.0,0.2,5
875,0.42857142857142855,0.42857142857142855,0.14285714285714285,7
878,0.16666666666666666,0.16666666666666666,0.6666666666666666,6
885,0.0,1.0,0.0,5
886,0.0,0.0,1.0,6
888,0.2,0.2,0.6,5
889,0.4,0.2,0.4,5
891,0.0,1.0,0.0,6
894,0.8,0.0,0.2,5
899,0.3333333333333333,0.16666666666666666,0.5,6
910,1.0,0.0,0.0,5
914,0.6,0.2,0.2,5
921,0.0,1.0,0.0,5
923,0.0,1.0,0.0,5
925,0.6666666666666666,0.3333333333333333,0.0,6
926,0.0,0.0,1.0,6
927,1.0,0.0,0.0,9
928,0.8,0.2,0.0,5
929,0.625,0.0,0.375,8
931,0.875,0.125,0.0,8
941,0.0,0.4444444444444444,0.5555555555555556,9
943,0.0,0.0,1.0,6
949,0.4,0.4,0.2,5
950,0.0,0.1,0.9,10
956,0.0,1.0,0.0,7
957,0.0,0.0,1.0,6
962,0.0,1.0,0.0,5
968,1.0,0.0,0.0,8
969,0.8,0.0,0.2,5
972,1.0,0.0,0.0,6
979,0.0,1.0,0.0,6
984,0.2,0.4,0.4,5
991,0.8,0.0,0.2,5
995,0.0,0.2857142857142857,0.7142857142857143,7
996,0.6,0.2,0.2,5
1008,0.3333333333333333,0.0,0.6666666666666666,6
1010,0.5714285714285714,0.14285714285714285,0.2857142857142857,7
1013,0.0,0.8,0.0,5
1015,0.6,0.2,0.2,5
1025,0.2,0.2,0.6,5
1028,0.3333333333333333,0.0,0.6666666666666666,6
1030,0.5,0.0,0.5,6
1036,0.14285714285714285,0.0,0.8571428571428571,7
1040,0.8,0.2,0.0,5
1050,0.8333333333333334,0.0,0.16666666666666666,6
1059,0.0,0.0,1.0,5
1072,0.8,0.0,0.2,5
1074,0.2,0.8,0.0,5
1075,0.6,0.2,0.2,5
1077,0.42857142857142855,0.14285714285714285,0.42857142857142855,7
1080,0.0,1.0,0.0,5
1087,0.4,0.6,0.0,5
1107,0.0,1.0,0.0,6
1118,0.2,0.6,0.2,5
1127,0.4,0.2,0.4,5
1137,0.5,0.5,0.0,8
1145,0.0,0.0,1.0,6
1147,0.0,0.0,1.0,6
1149,0.1111111111111111,0.1111111111111111,0.7777777777777778,9
1154,0.0,0.4,0.6,5
1158,0.8333333333333334,0.16666666666666666,0.0,6
1159,0.4,0.0,0.6,5
1164,0.0,0.0,1.0,5
1166,0.3333333333333333,0.16666666666666666,0.5,6
1179,0.4,0.4,0.2,5
1190,0.2,0.6,0.2,5
1228,0.1111111111111111,0.6666666666666666,0.2222222222222222,9
1233,0.2,0.0,0.8,5
1240,0.0,0.0,1.0,5
1242,0.0,1.0,0.0,5
1250,0.0,0.8571428571428571,0.14285714285714285,7
1305,0.0,0.0,1.0,9
1306,0.0,1.0,0.0,6
1342,0.0,0.0,1.0,11
1363,0.2,0.4,0.4,5
1398,0.125,0.25,0.125,8
1414,0.0,0.2,0.8,5
1440,0.2857142857142857,0.14285714285714285,0.0,7
1476,0.0,0.75,0.25,8
1482,0.4,0.2,0.4,5
1527,0.0,0.6,0.4,5
1543,0.3333333333333333,0.16666666666666666,0.5,6
1591,0.4,0.6,0.0,5
1644,0.6,0.2,0.2,5
1790,0.6,0.4,0.0,5
1927,0.4,0.0,0.6,5
2138,0.2,0.0,0.8,5
