IncidentId,OrgId,top_alert_title,top_category,first_seen,nb_alerts,sample_ip,sample_device_id,sample_device,sample_account,sample_sha256,IncidentGrade,priority_score,iso_anomaly_score,proba_fp,proba_bp,proba_tp,decision_suggested,grade_reel,grade_reel_label,prediction_label,severity
543568,66,34,SuspiciousActivity,2024-06-16 13:53:54+00:00,3,360606,98799,153085,1461,138268,TruePositive,100.0,22.2,0.0,0.0,100.0,ACTION_URGENTE,2,TruePositive,TruePositive,CRITIQUE
541044,66,34,SuspiciousActivity,2024-06-08 19:46:40+00:00,3,15697,98799,153085,453297,138268,TruePositive,100.0,64.5,0.0,0.0,100.0,ACTION_URGENTE,2,TruePositive,TruePositive,CRITIQUE
284148,66,34,SuspiciousActivity,2024-06-13 06:44:54+00:00,5,360606,98799,153085,1461,138268,TruePositive,100.0,17.3,0.0,0.0,100.0,ACTION_URGENTE,2,TruePositive,TruePositive,CRITIQUE
140421,66,34,SuspiciousActivity,2024-06-16 07:45:19+00:00,14,155,98799,153085,453297,138268,TruePositive,100.0,67.7,0.0,0.0,100.0,ACTION_URGENTE,2,TruePositive,TruePositive,CRITIQUE
540884,66,34,SuspiciousActivity,2024-06-08 14:25:47+00:00,3,1062,98799,153085,453297,138268,TruePositive,100.0,61.4,0.0,0.0,100.0,ACTION_URGENTE,2,TruePositive,TruePositive,CRITIQUE
541621,66,34,SuspiciousActivity,2024-06-11 05:43:00+00:00,3,37071,98799,153085,453297,138268,TruePositive,100.0,42.0,0.0,0.0,100.0,ACTION_URGENTE,2,TruePositive,TruePositive,CRITIQUE
539458,66,34,SuspiciousActivity,2024-06-03 22:56:02+00:00,3,9143,98799,153085,453297,138268,TruePositive,100.0,59.5,0.0,0.0,100.0,ACTION_URGENTE,2,TruePositive,TruePositive,CRITIQUE
541599,66,34,SuspiciousActivity,2024-06-10 23:03:11+00:00,3,360606,98799,153085,1321,138268,TruePositive,100.0,23.8,0.0,0.0,100.0,ACTION_URGENTE,2,TruePositive,TruePositive,CRITIQUE
541016,66,34,SuspiciousActivity,2024-06-08 13:58:35+00:00,3,16725,98799,153085,453297,138268,TruePositive,100.0,62.7,0.0,0.0,100.0,ACTION_URGENTE,2,TruePositive,TruePositive,CRITIQUE
543273,66,34,SuspiciousActivity,2024-06-15 05:12:55+00:00,3,155,98799,153085,453297,138268,TruePositive,100.0,65.7,0.0,0.0,100.0,ACTION_URGENTE,2,TruePositive,TruePositive,CRITIQUE
217782,121,66,SuspiciousActivity,2024-06-04 23:34:20+00:00,3,360606,98799,153085,974,138268,TruePositive,100.0,38.6,0.0,0.0,100.0,ACTION_URGENTE,2,TruePositive,TruePositive,CRITIQUE
140382,66,34,SuspiciousActivity,2024-06-16 13:09:06+00:00,13,2696,98799,153085,453297,138268,TruePositive,100.0,67.3,0.0,0.0,100.0,ACTION_URGENTE,2,TruePositive,TruePositive,CRITIQUE
441635,121,66,SuspiciousActivity,2024-06-06 11:59:33+00:00,2,360606,98799,153085,974,138268,TruePositive,100.0,40.4,0.0,0.0,100.0,ACTION_URGENTE,2,TruePositive,TruePositive,CRITIQUE
542855,66,34,SuspiciousActivity,2024-06-14 05:26:55+00:00,2,11706,98799,153085,453297,138268,TruePositive,99.9,50.3,0.0,0.0,99.9,ACTION_URGENTE,2,TruePositive,TruePositive,CRITIQUE
538377,465,0,InitialAccess,2024-06-08 18:51:21+00:00,3,360606,98799,153085,5612,138268,TruePositive,99.9,37.1,0.0,0.1,99.9,ACTION_URGENTE,2,TruePositive,TruePositive,CRITIQUE
465080,24,21,SuspiciousActivity,2024-06-07 00:28:17+00:00,3,11499,98799,153085,453297,138268,TruePositive,99.9,61.8,0.1,0.1,99.9,ACTION_URGENTE,2,TruePositive,TruePositive,CRITIQUE
543545,66,34,SuspiciousActivity,2024-06-16 12:51:35+00:00,2,360606,98799,153085,682,138268,TruePositive,99.9,37.8,0.0,0.1,99.9,ACTION_URGENTE,2,TruePositive,TruePositive,CRITIQUE
472008,24,21,SuspiciousActivity,2024-06-11 18:55:14+00:00,3,7568,98799,153085,453297,138268,TruePositive,99.9,56.2,0.1,0.1,99.9,ACTION_URGENTE,2,TruePositive,TruePositive,CRITIQUE
41039,1504,5,InitialAccess,2024-06-05 13:11:14+00:00,36,360606,98799,153085,115818,138268,TruePositive,99.9,40.3,0.0,0.1,99.9,ACTION_URGENTE,2,TruePositive,TruePositive,CRITIQUE
539731,66,34,SuspiciousActivity,2024-06-05 04:24:00+00:00,2,360606,98799,153085,98,138268,TruePositive,99.9,27.4,0.0,0.1,99.9,ACTION_URGENTE,2,TruePositive,TruePositive,CRITIQUE
460017,24,21,SuspiciousActivity,2024-06-03 22:46:08+00:00,2,360606,98799,153085,594,138268,TruePositive,99.9,34.1,0.0,0.1,99.9,ACTION_URGENTE,2,TruePositive,TruePositive,CRITIQUE
465108,24,21,SuspiciousActivity,2024-06-07 00:53:48+00:00,2,261096,98799,153085,453297,138268,TruePositive,99.9,61.9,0.0,0.0,99.9,ACTION_URGENTE,2,TruePositive,TruePositive,CRITIQUE
541177,66,34,SuspiciousActivity,2024-06-09 23:49:14+00:00,3,431,98799,153085,453297,138268,TruePositive,99.9,63.0,0.0,0.1,99.9,ACTION_URGENTE,2,TruePositive,TruePositive,CRITIQUE
462289,24,21,SuspiciousActivity,2024-06-05 04:42:45+00:00,3,360606,98799,153085,9886,138268,TruePositive,99.9,35.7,0.0,0.1,99.9,ACTION_URGENTE,2,TruePositive,TruePositive,CRITIQUE
542297,66,34,SuspiciousActivity,2024-06-13 04:26:21+00:00,2,360606,98799,153085,453297,138268,TruePositive,99.8,14.6,0.1,0.1,99.8,ACTION_URGENTE,2,TruePositive,TruePositive,CRITIQUE
471984,24,21,SuspiciousActivity,2024-06-11 23:32:37+00:00,2,17685,98799,153085,453297,138268,TruePositive,99.8,43.1,0.0,0.1,99.8,ACTION_URGENTE,2,TruePositive,TruePositive,CRITIQUE
541780,66,34,SuspiciousActivity,2024-06-11 04:49:38+00:00,2,1713,98799,153085,453297,138268,TruePositive,99.8,38.5,0.1,0.1,99.8,ACTION_URGENTE,2,TruePositive,TruePositive,CRITIQUE
540132,66,34,SuspiciousActivity,2024-06-06 04:39:14+00:00,3,9116,98799,153085,453297,138268,TruePositive,99.7,12.5,0.2,0.2,99.7,ACTION_URGENTE,2,TruePositive,TruePositive,CRITIQUE
465033,24,21,SuspiciousActivity,2024-06-06 19:22:27+00:00,3,15411,98799,153085,453297,138268,TruePositive,99.7,28.1,0.1,0.2,99.7,ACTION_URGENTE,2,TruePositive,TruePositive,CRITIQUE
13459,1580,1,InitialAccess,2024-06-03 15:08:16+00:00,88,360606,98799,153085,6545,138268,TruePositive,99.7,46.6,0.1,0.2,99.7,ACTION_URGENTE,2,TruePositive,TruePositive,CRITIQUE
475310,24,21,SuspiciousActivity,2024-06-15 23:59:36+00:00,3,188191,98799,153085,453297,138268,TruePositive,99.7,39.0,0.0,0.2,99.7,ACTION_URGENTE,2,TruePositive,TruePositive,CRITIQUE
7767,145,48,InitialAccess,2024-06-06 14:43:57+00:00,120,360606,98799,153085,9937,138268,TruePositive,99.7,52.4,0.1,0.2,99.7,ACTION_URGENTE,2,TruePositive,TruePositive,CRITIQUE
24365,151,2997,SuspiciousActivity,2024-06-11 03:28:46+00:00,55,360606,98799,153085,453297,811,TruePositive,99.7,76.2,0.1,0.2,99.7,ACTION_URGENTE,2,TruePositive,TruePositive,CRITIQUE
466982,24,21,SuspiciousActivity,2024-06-08 02:39:25+00:00,3,360606,98799,153085,14653,138268,TruePositive,99.7,33.5,0.0,0.3,99.7,ACTION_URGENTE,2,TruePositive,TruePositive,CRITIQUE
470498,24,21,SuspiciousActivity,2024-06-10 23:59:59+00:00,3,284374,98799,153085,453297,138268,TruePositive,99.7,54.8,0.1,0.2,99.7,ACTION_URGENTE,2,TruePositive,TruePositive,CRITIQUE
69186,466,6,InitialAccess,2024-06-06 18:15:36+00:00,10,360606,98799,153085,211352,138268,TruePositive,99.7,44.3,0.1,0.2,99.7,ACTION_URGENTE,2,TruePositive,TruePositive,CRITIQUE
467728,24,21,SuspiciousActivity,2024-06-09 02:23:35+00:00,3,360606,98799,153085,1678,138268,TruePositive,99.6,32.0,0.0,0.4,99.6,ACTION_URGENTE,2,TruePositive,TruePositive,CRITIQUE
442258,121,66,SuspiciousActivity,2024-06-11 19:29:49+00:00,3,360606,98799,153085,10,138268,TruePositive,99.6,30.6,0.0,0.4,99.6,ACTION_URGENTE,2,TruePositive,TruePositive,CRITIQUE
539838,66,34,SuspiciousActivity,2024-06-05 08:24:16+00:00,2,360606,98799,153085,453297,138268,TruePositive,99.6,11.0,0.2,0.2,99.6,ACTION_URGENTE,2,TruePositive,TruePositive,CRITIQUE
543004,66,34,SuspiciousActivity,2024-06-14 02:49:41+00:00,3,360606,98799,153085,453297,138268,TruePositive,99.6,14.3,0.2,0.2,99.6,ACTION_URGENTE,2,TruePositive,TruePositive,CRITIQUE
442463,121,66,SuspiciousActivity,2024-06-13 06:02:16+00:00,3,360606,98799,153085,10,138268,TruePositive,99.6,30.4,0.0,0.4,99.6,ACTION_URGENTE,2,TruePositive,TruePositive,CRITIQUE
540660,66,34,SuspiciousActivity,2024-06-07 05:20:05+00:00,3,360606,98799,153085,453297,138268,TruePositive,99.6,13.8,0.2,0.2,99.6,ACTION_URGENTE,2,TruePositive,TruePositive,CRITIQUE
19189,66,34,SuspiciousActivity,2024-06-14 02:00:01+00:00,72,360606,98799,153085,2033,138268,TruePositive,99.6,46.8,0.0,0.3,99.6,ACTION_URGENTE,2,TruePositive,TruePositive,CRITIQUE
544058,35,0,InitialAccess,2024-06-04 13:34:42+00:00,3,360606,98799,153085,572,138268,TruePositive,99.6,10.9,0.2,0.2,99.6,ACTION_URGENTE,2,TruePositive,TruePositive,CRITIQUE
541596,66,34,SuspiciousActivity,2024-06-11 06:38:56+00:00,3,360606,98799,153085,453297,138268,TruePositive,99.6,10.6,0.2,0.2,99.6,ACTION_URGENTE,2,TruePositive,TruePositive,CRITIQUE
539188,66,34,SuspiciousActivity,2024-06-03 08:36:00+00:00,2,360606,98799,153085,453297,138268,TruePositive,99.6,13.1,0.2,0.2,99.6,ACTION_URGENTE,2,TruePositive,TruePositive,CRITIQUE
541263,66,34,SuspiciousActivity,2024-06-10 04:26:00+00:00,3,360606,98799,153085,453297,138268,TruePositive,99.6,13.4,0.2,0.2,99.6,ACTION_URGENTE,2,TruePositive,TruePositive,CRITIQUE
541589,66,34,SuspiciousActivity,2024-06-11 06:30:54+00:00,3,3315,98799,153085,453297,138268,TruePositive,99.6,10.6,0.2,0.2,99.6,ACTION_URGENTE,2,TruePositive,TruePositive,CRITIQUE
543214,66,34,SuspiciousActivity,2024-06-15 05:50:20+00:00,3,360606,98799,153085,453297,138268,TruePositive,99.6,17.3,0.2,0.2,99.6,ACTION_URGENTE,2,TruePositive,TruePositive,CRITIQUE
339047,121,66,SuspiciousActivity,2024-06-14 00:20:39+00:00,3,360606,98799,153085,10,138268,TruePositive,99.6,35.7,0.0,0.4,99.6,ACTION_URGENTE,2,TruePositive,TruePositive,CRITIQUE
260488,24,21,SuspiciousActivity,2024-06-03 22:38:25+00:00,6,360606,98799,153085,8327,138268,TruePositive,99.6,24.8,0.1,0.3,99.6,ACTION_URGENTE,2,TruePositive,TruePositive,CRITIQUE
541606,66,34,SuspiciousActivity,2024-06-11 05:18:10+00:00,3,360606,98799,153085,453297,138268,TruePositive,99.6,12.6,0.2,0.2,99.6,ACTION_URGENTE,2,TruePositive,TruePositive,CRITIQUE
539578,66,34,SuspiciousActivity,2024-06-04 05:45:15+00:00,3,360606,98799,153085,453297,138268,TruePositive,99.6,12.6,0.2,0.2,99.6,ACTION_URGENTE,2,TruePositive,TruePositive,CRITIQUE
441625,121,66,SuspiciousActivity,2024-06-06 10:14:21+00:00,2,360606,98799,153085,10,138268,TruePositive,99.6,32.3,0.0,0.3,99.6,ACTION_URGENTE,2,TruePositive,TruePositive,CRITIQUE
540977,66,34,SuspiciousActivity,2024-06-08 07:24:02+00:00,3,360606,98799,153085,453297,138268,TruePositive,99.5,15.2,0.2,0.3,99.5,ACTION_URGENTE,2,TruePositive,TruePositive,CRITIQUE
539945,66,34,SuspiciousActivity,2024-06-05 07:13:43+00:00,3,360606,98799,153085,453297,138268,TruePositive,99.5,10.2,0.2,0.2,99.5,ACTION_URGENTE,2,TruePositive,TruePositive,CRITIQUE
88742,2016,294,Malware,2024-06-09 05:31:05+00:00,19,360606,98799,153085,453297,106272,TruePositive,99.5,86.7,0.2,0.3,99.5,ACTION_URGENTE,2,TruePositive,TruePositive,CRITIQUE
32582,1971,49,SuspiciousActivity,2024-06-04 01:31:39+00:00,14,360606,98799,153085,303150,138268,TruePositive,99.5,32.2,0.1,0.4,99.5,ACTION_URGENTE,2,TruePositive,TruePositive,CRITIQUE
466920,24,21,SuspiciousActivity,2024-06-08 01:16:07+00:00,3,114909,98799,153085,453297,138268,TruePositive,99.4,41.4,0.2,0.4,99.4,ACTION_URGENTE,2,TruePositive,TruePositive,CRITIQUE
186058,121,66,SuspiciousActivity,2024-06-07 19:33:34+00:00,5,12351,98799,153085,453297,138268,TruePositive,99.4,59.0,0.3,0.2,99.4,ACTION_URGENTE,2,TruePositive,TruePositive,CRITIQUE
103315,542,383,SuspiciousActivity,2024-06-03 22:24:21+00:00,17,360606,98799,153085,21476,138268,TruePositive,99.4,24.8,0.3,0.3,99.4,ACTION_URGENTE,2,TruePositive,TruePositive,CRITIQUE
238439,121,66,SuspiciousActivity,2024-06-10 17:26:21+00:00,3,360606,98799,153085,10,138268,TruePositive,99.4,31.3,0.0,0.6,99.4,ACTION_URGENTE,2,TruePositive,TruePositive,CRITIQUE
108529,542,2992,UnwantedSoftware,2024-06-12 13:07:22+00:00,10,360606,98799,153085,52657,138268,TruePositive,99.4,3.1,0.3,0.3,99.4,ACTION_URGENTE,2,TruePositive,TruePositive,CRITIQUE
528003,54,17,InitialAccess,2024-06-07 20:32:39+00:00,3,360606,98799,153085,200,138268,TruePositive,99.4,24.0,0.1,0.5,99.4,ACTION_URGENTE,2,TruePositive,TruePositive,CRITIQUE
170842,66,34,SuspiciousActivity,2024-06-12 04:01:35+00:00,12,360606,98799,153085,453297,138268,TruePositive,99.4,14.8,0.3,0.3,99.4,ACTION_URGENTE,2,TruePositive,TruePositive,CRITIQUE
38568,66,34,SuspiciousActivity,2024-06-14 00:20:00+00:00,44,2410,98799,153085,453297,138268,TruePositive,99.4,26.0,0.3,0.3,99.4,ACTION_URGENTE,2,TruePositive,TruePositive,CRITIQUE
77865,121,66,SuspiciousActivity,2024-06-04 14:35:45+00:00,23,360606,98799,153085,10,138268,TruePositive,99.3,36.7,0.1,0.6,99.3,ACTION_URGENTE,2,TruePositive,TruePositive,CRITIQUE
74204,66,34,SuspiciousActivity,2024-06-12 00:59:48+00:00,27,360606,98799,153085,453297,138268,TruePositive,99.3,19.5,0.4,0.2,99.3,ACTION_URGENTE,2,TruePositive,TruePositive,CRITIQUE
140394,66,34,SuspiciousActivity,2024-06-16 09:39:09+00:00,14,360606,98799,153085,453297,138268,TruePositive,99.3,22.0,0.4,0.4,99.3,ACTION_URGENTE,2,TruePositive,TruePositive,CRITIQUE
51503,35,3,InitialAccess,2024-06-06 07:23:04+00:00,28,69,98799,153085,453297,138268,TruePositive,99.3,57.6,0.4,0.2,99.3,ACTION_URGENTE,2,TruePositive,TruePositive,CRITIQUE
140137,66,34,SuspiciousActivity,2024-06-07 22:01:42+00:00,15,360606,98799,153085,453297,138268,TruePositive,99.2,14.8,0.4,0.4,99.2,ACTION_URGENTE,2,TruePositive,TruePositive,CRITIQUE
529099,54,17,InitialAccess,2024-06-14 11:50:25+00:00,3,360606,98799,153085,200,138268,TruePositive,99.2,23.3,0.1,0.6,99.2,ACTION_URGENTE,2,TruePositive,TruePositive,CRITIQUE
467510,24,21,SuspiciousActivity,2024-06-09 05:16:31+00:00,3,360606,98799,153085,194883,138268,TruePositive,99.1,16.5,0.1,0.8,99.1,ACTION_URGENTE,2,TruePositive,TruePositive,CRITIQUE
442473,121,66,SuspiciousActivity,2024-06-13 14:06:04+00:00,2,360606,98799,153085,453297,138268,TruePositive,99.1,10.4,0.2,0.6,99.1,ACTION_URGENTE,2,TruePositive,TruePositive,CRITIQUE
474304,24,21,SuspiciousActivity,2024-06-14 03:06:45+00:00,3,1273,98799,153085,453297,138268,TruePositive,99.1,60.2,0.4,0.5,99.1,ACTION_URGENTE,2,TruePositive,TruePositive,CRITIQUE
441813,121,66,SuspiciousActivity,2024-06-07 14:23:39+00:00,2,360606,98799,153085,453297,138268,TruePositive,99.0,10.7,0.2,0.8,99.0,ACTION_URGENTE,2,TruePositive,TruePositive,CRITIQUE
463726,24,21,SuspiciousActivity,2024-06-05 23:39:11+00:00,3,32043,98799,153085,453297,138268,TruePositive,99.0,54.5,0.4,0.5,99.0,ACTION_URGENTE,2,TruePositive,TruePositive,CRITIQUE
285767,121,66,SuspiciousActivity,2024-06-06 19:25:21+00:00,3,360606,98799,153085,453297,138268,TruePositive,98.9,7.6,0.3,0.8,98.9,ACTION_URGENTE,2,TruePositive,TruePositive,CRITIQUE
442233,121,66,SuspiciousActivity,2024-06-11 17:13:03+00:00,3,360606,98799,153085,453297,138268,TruePositive,98.8,7.5,0.3,0.9,98.8,ACTION_URGENTE,2,TruePositive,TruePositive,CRITIQUE
442006,121,66,SuspiciousActivity,2024-06-08 19:01:46+00:00,3,360606,98799,153085,453297,138268,TruePositive,98.8,12.4,0.2,1.0,98.8,ACTION_URGENTE,2,TruePositive,TruePositive,CRITIQUE
212714,54,5,InitialAccess,2024-06-04 22:46:34+00:00,7,360606,98799,153085,202043,138268,TruePositive,98.8,6.7,0.3,0.9,98.8,ACTION_URGENTE,2,TruePositive,TruePositive,CRITIQUE
218186,121,66,SuspiciousActivity,2024-06-09 13:31:21+00:00,3,360606,98799,153085,453297,138268,TruePositive,98.8,14.0,0.2,1.0,98.8,ACTION_URGENTE,2,TruePositive,TruePositive,CRITIQUE
441910,121,66,SuspiciousActivity,2024-06-08 13:04:26+00:00,3,360606,98799,153085,453297,138268,TruePositive,98.7,12.2,0.2,1.1,98.7,ACTION_URGENTE,2,TruePositive,TruePositive,CRITIQUE
148863,35,0,InitialAccess,2024-06-05 09:31:15+00:00,13,360606,98799,153085,572,138268,TruePositive,98.5,12.9,1.0,0.5,98.5,ACTION_URGENTE,2,TruePositive,TruePositive,CRITIQUE
3741,14,20,Impact,2024-05-20 02:55:26+00:00,60,1482,98799,153085,453297,138268,TruePositive,98.5,52.9,0.9,0.6,98.5,ACTION_URGENTE,2,TruePositive,TruePositive,CRITIQUE
235297,102,2,CommandAndControl,2024-06-04 05:05:42+00:00,7,360606,98799,153085,243292,138268,BenignPositive,98.4,26.2,0.1,1.4,98.4,ACTION_URGENTE,1,BenignPositive,TruePositive,CRITIQUE
1881,14,20,Impact,2024-05-20 10:20:37+00:00,171,149181,98799,153085,453297,138268,TruePositive,98.1,59.3,1.1,0.8,98.1,ACTION_URGENTE,2,TruePositive,TruePositive,CRITIQUE
460376,24,21,SuspiciousActivity,2024-06-03 22:31:13+00:00,3,36876,98799,153085,453297,138268,TruePositive,97.6,34.3,0.4,2.0,97.6,ACTION_URGENTE,2,TruePositive,TruePositive,CRITIQUE
465644,24,21,SuspiciousActivity,2024-06-06 19:20:07+00:00,3,3538,98799,153085,453297,138268,TruePositive,97.5,33.4,0.8,1.7,97.5,ACTION_URGENTE,2,TruePositive,TruePositive,CRITIQUE
238428,121,66,SuspiciousActivity,2024-06-04 20:59:22+00:00,6,360606,98799,153085,453297,138268,TruePositive,97.4,12.9,1.1,1.5,97.4,ACTION_URGENTE,2,TruePositive,TruePositive,CRITIQUE
74775,121,66,SuspiciousActivity,2024-06-05 21:34:54+00:00,11,7377,98799,153085,453297,138268,TruePositive,97.4,14.0,1.3,1.4,97.4,ACTION_URGENTE,2,TruePositive,TruePositive,CRITIQUE
532590,63,0,InitialAccess,2024-06-04 23:57:08+00:00,3,360606,98799,153085,4280,138268,TruePositive,97.3,6.0,0.8,2.0,97.3,ACTION_URGENTE,2,TruePositive,TruePositive,CRITIQUE
186109,121,66,SuspiciousActivity,2024-06-03 10:35:44+00:00,10,21963,98799,153085,453297,138268,TruePositive,97.2,13.4,1.3,1.5,97.2,ACTION_URGENTE,2,TruePositive,TruePositive,CRITIQUE
174586,1063,4803,Persistence,2024-06-07 19:39:54+00:00,11,169075,98799,153085,453297,138268,TruePositive,96.9,19.9,1.6,1.5,96.9,ACTION_URGENTE,2,TruePositive,TruePositive,CRITIQUE
217875,121,66,SuspiciousActivity,2024-06-07 03:04:20+00:00,3,360606,98799,153085,75,138268,TruePositive,96.8,32.8,0.2,3.0,96.8,ACTION_URGENTE,2,TruePositive,TruePositive,CRITIQUE
9780,1671,567,Malware,2024-06-03 17:35:40+00:00,41,360606,98799,153085,453297,949,TruePositive,96.7,49.6,0.9,2.4,96.7,ACTION_URGENTE,2,TruePositive,TruePositive,CRITIQUE
462209,24,21,SuspiciousActivity,2024-06-05 01:27:19+00:00,2,360606,98799,153085,453297,138268,TruePositive,96.5,13.5,1.4,2.2,96.5,ACTION_URGENTE,2,TruePositive,TruePositive,CRITIQUE
50238,263,0,InitialAccess,2024-06-03 04:34:08+00:00,7,360606,98799,153085,102,138268,TruePositive,96.0,19.5,3.6,0.4,96.0,ACTION_URGENTE,2,TruePositive,TruePositive,CRITIQUE
466973,24,21,SuspiciousActivity,2024-06-08 05:19:00+00:00,2,12540,98799,153085,453297,138268,TruePositive,95.6,16.4,1.2,3.2,95.6,ACTION_URGENTE,2,TruePositive,TruePositive,CRITIQUE
226725,5180,491,Malware,2024-06-10 02:10:52+00:00,8,360606,98799,153085,453297,29686,TruePositive,95.5,51.4,0.7,3.9,95.5,ACTION_URGENTE,2,TruePositive,TruePositive,CRITIQUE
465847,24,50,SuspiciousActivity,2024-06-07 12:16:38+00:00,2,360606,98799,153085,65604,138268,TruePositive,95.5,28.4,0.0,4.4,95.5,ACTION_URGENTE,2,TruePositive,TruePositive,CRITIQUE
500454,352,1503,Execution,2024-06-04 11:50:56+00:00,3,360606,98799,153085,93398,138268,TruePositive,95.3,19.4,0.2,4.5,95.3,ACTION_URGENTE,2,TruePositive,TruePositive,CRITIQUE
552468,24,21,SuspiciousActivity,2024-06-13 20:59:12+00:00,2,360606,98799,153085,453297,138268,TruePositive,95.1,5.8,1.1,3.8,95.1,ACTION_URGENTE,2,TruePositive,TruePositive,CRITIQUE
473190,24,21,SuspiciousActivity,2024-06-13 01:42:39+00:00,3,360606,98799,153085,453297,138268,TruePositive,95.1,9.6,1.6,3.3,95.1,ACTION_URGENTE,2,TruePositive,TruePositive,CRITIQUE
471588,24,21,SuspiciousActivity,2024-06-12 03:13:34+00:00,3,3702,98799,153085,453297,138268,TruePositive,94.9,9.0,1.6,3.5,94.9,ACTION_URGENTE,2,TruePositive,TruePositive,CRITIQUE
462180,24,21,SuspiciousActivity,2024-06-05 05:24:21+00:00,3,22899,98799,153085,453297,138268,TruePositive,94.9,9.1,1.6,3.5,94.9,ACTION_URGENTE,2,TruePositive,TruePositive,CRITIQUE
474146,24,21,SuspiciousActivity,2024-06-14 00:45:17+00:00,3,360606,98799,153085,453297,138268,BenignPositive,94.8,10.1,1.4,3.7,94.8,ACTION_URGENTE,1,BenignPositive,TruePositive,CRITIQUE
464965,24,21,SuspiciousActivity,2024-06-07 00:41:49+00:00,3,360606,98799,153085,453297,138268,BenignPositive,94.8,10.1,1.4,3.7,94.8,ACTION_URGENTE,1,BenignPositive,TruePositive,CRITIQUE
462501,24,21,SuspiciousActivity,2024-06-05 02:36:26+00:00,3,6939,98799,153085,453297,138268,TruePositive,94.8,9.9,1.8,3.4,94.8,ACTION_URGENTE,2,TruePositive,TruePositive,CRITIQUE
470579,24,21,SuspiciousActivity,2024-06-11 00:59:24+00:00,3,360606,98799,153085,453297,138268,BenignPositive,94.7,9.1,1.7,3.6,94.7,ACTION_URGENTE,1,BenignPositive,TruePositive,CRITIQUE
470380,24,21,SuspiciousActivity,2024-06-11 01:49:26+00:00,3,360606,98799,153085,453297,138268,BenignPositive,94.7,9.4,1.8,3.5,94.7,ACTION_URGENTE,1,BenignPositive,TruePositive,CRITIQUE
470561,24,21,SuspiciousActivity,2024-06-10 23:21:50+00:00,2,48896,98799,153085,453297,138268,TruePositive,94.5,9.2,1.4,4.1,94.5,ACTION_URGENTE,2,TruePositive,TruePositive,CRITIQUE
464956,24,21,SuspiciousActivity,2024-06-06 19:11:43+00:00,3,360606,98799,153085,453297,138268,BenignPositive,94.2,4.8,1.7,4.1,94.2,ACTION_URGENTE,1,BenignPositive,TruePositive,CRITIQUE
474228,24,21,SuspiciousActivity,2024-06-14 07:38:21+00:00,3,3452,98799,153085,453297,138268,TruePositive,94.1,7.5,1.8,4.2,94.1,ACTION_URGENTE,2,TruePositive,TruePositive,CRITIQUE
469099,24,21,SuspiciousActivity,2024-06-10 04:08:50+00:00,3,360606,98799,153085,453297,138268,TruePositive,94.0,9.8,1.8,4.2,94.0,ACTION_URGENTE,2,TruePositive,TruePositive,CRITIQUE
464044,24,21,SuspiciousActivity,2024-06-05 22:19:24+00:00,3,360606,98799,153085,453297,138268,TruePositive,93.9,6.0,1.4,4.6,93.9,ACTION_URGENTE,2,TruePositive,TruePositive,CRITIQUE
460616,24,21,SuspiciousActivity,2024-06-03 23:37:59+00:00,3,360606,98799,153085,453297,138268,TruePositive,93.9,6.7,1.3,4.7,93.9,ACTION_URGENTE,2,TruePositive,TruePositive,CRITIQUE
470000,24,21,SuspiciousActivity,2024-06-10 23:06:04+00:00,3,21295,98799,153085,453297,138268,BenignPositive,93.9,6.7,1.3,4.7,93.9,ACTION_URGENTE,1,BenignPositive,TruePositive,CRITIQUE
459991,24,21,SuspiciousActivity,2024-06-04 07:11:31+00:00,3,360606,98799,153085,453297,138268,TruePositive,93.9,6.1,2.1,4.0,93.9,ACTION_URGENTE,2,TruePositive,TruePositive,CRITIQUE
204566,24,21,SuspiciousActivity,2024-06-09 22:42:35+00:00,8,66997,98799,153085,453297,138268,BenignPositive,93.9,15.6,1.7,4.4,93.9,ACTION_URGENTE,1,BenignPositive,TruePositive,CRITIQUE
468734,24,21,SuspiciousActivity,2024-06-10 01:06:27+00:00,3,360606,98799,153085,453297,138268,BenignPositive,93.8,10.3,1.7,4.4,93.8,ACTION_URGENTE,1,BenignPositive,TruePositive,CRITIQUE
475281,24,21,SuspiciousActivity,2024-06-15 23:45:53+00:00,3,360606,98799,153085,453297,138268,TruePositive,93.7,11.6,1.1,5.2,93.7,ACTION_URGENTE,2,TruePositive,TruePositive,CRITIQUE
463480,24,21,SuspiciousActivity,2024-06-05 21:40:20+00:00,3,6924,98799,153085,453297,138268,BenignPositive,93.7,5.7,1.5,4.9,93.7,ACTION_URGENTE,1,BenignPositive,TruePositive,CRITIQUE
467737,24,21,SuspiciousActivity,2024-06-08 23:12:48+00:00,3,21090,98799,153085,453297,138268,BenignPositive,93.7,11.6,1.1,5.2,93.7,ACTION_URGENTE,1,BenignPositive,TruePositive,CRITIQUE
459972,24,21,SuspiciousActivity,2024-06-03 21:34:15+00:00,3,3481,98799,153085,453297,138268,TruePositive,93.6,5.9,1.4,5.0,93.6,ACTION_URGENTE,2,TruePositive,TruePositive,CRITIQUE
466626,24,21,SuspiciousActivity,2024-06-08 06:09:18+00:00,3,21090,98799,153085,453297,138268,BenignPositive,93.5,12.3,1.5,4.9,93.5,ACTION_URGENTE,1,BenignPositive,TruePositive,CRITIQUE
27862,24,21,SuspiciousActivity,2024-06-09 21:11:50+00:00,56,360606,98799,153085,453297,138268,BenignPositive,93.5,28.8,1.8,4.6,93.5,ACTION_URGENTE,1,BenignPositive,TruePositive,CRITIQUE
468500,24,21,SuspiciousActivity,2024-06-09 23:32:21+00:00,3,13226,98799,153085,453297,138268,TruePositive,93.5,12.9,1.0,5.5,93.5,ACTION_URGENTE,2,TruePositive,TruePositive,CRITIQUE
468610,24,21,SuspiciousActivity,2024-06-09 22:19:11+00:00,3,39222,98799,153085,453297,138268,BenignPositive,93.4,12.4,1.1,5.5,93.4,ACTION_URGENTE,1,BenignPositive,TruePositive,CRITIQUE
62930,24,21,SuspiciousActivity,2024-06-06 22:04:50+00:00,28,360606,98799,153085,453297,138268,TruePositive,93.2,14.1,2.5,4.3,93.2,ACTION_URGENTE,2,TruePositive,TruePositive,CRITIQUE
131679,24,21,SuspiciousActivity,2024-06-05 20:02:36+00:00,13,360606,98799,153085,453297,138268,TruePositive,93.2,8.3,2.5,4.2,93.2,ACTION_URGENTE,2,TruePositive,TruePositive,CRITIQUE
260743,24,21,SuspiciousActivity,2024-06-08 00:20:45+00:00,6,360606,98799,153085,453297,138268,BenignPositive,93.0,16.9,2.0,5.0,93.0,ACTION_URGENTE,1,BenignPositive,TruePositive,CRITIQUE
14222,196,87,Discovery,2024-05-24 09:19:46+00:00,44,4975,98799,153085,453297,138268,TruePositive,93.0,29.9,4.6,2.4,93.0,ACTION_URGENTE,2,TruePositive,TruePositive,CRITIQUE
132368,24,21,SuspiciousActivity,2024-06-13 22:20:08+00:00,15,360606,98799,153085,453297,138268,TruePositive,93.0,9.9,2.5,4.6,93.0,ACTION_URGENTE,2,TruePositive,TruePositive,CRITIQUE
468166,24,21,SuspiciousActivity,2024-06-09 08:14:49+00:00,3,360606,98799,153085,453297,138268,TruePositive,92.7,13.3,1.6,5.6,92.7,ACTION_URGENTE,2,TruePositive,TruePositive,CRITIQUE
463543,24,21,SuspiciousActivity,2024-06-05 18:34:25+00:00,3,75155,98799,153085,453297,138268,BenignPositive,92.7,5.6,1.9,5.3,92.7,ACTION_URGENTE,1,BenignPositive,TruePositive,CRITIQUE
132092,24,21,SuspiciousActivity,2024-06-10 21:16:09+00:00,14,11015,98799,153085,453297,138268,BenignPositive,92.5,10.3,2.7,4.8,92.5,ACTION_URGENTE,1,BenignPositive,TruePositive,CRITIQUE
253814,333,9,InitialAccess,2024-06-03 13:34:26+00:00,6,360606,98799,153085,41145,138268,TruePositive,92.5,5.8,1.5,6.0,92.5,ACTION_URGENTE,2,TruePositive,TruePositive,CRITIQUE
468164,24,21,SuspiciousActivity,2024-06-09 09:57:57+00:00,3,13502,98799,153085,453297,138268,BenignPositive,92.3,13.1,1.8,5.9,92.3,ACTION_URGENTE,1,BenignPositive,TruePositive,CRITIQUE
131920,24,21,SuspiciousActivity,2024-06-08 18:37:44+00:00,15,10924,98799,153085,453297,138268,BenignPositive,91.5,14.8,2.5,6.0,91.5,ACTION_URGENTE,1,BenignPositive,TruePositive,CRITIQUE
240729,24,21,SuspiciousActivity,2024-06-13 20:59:12+00:00,6,66390,98799,153085,453297,138268,TruePositive,91.4,7.2,3.0,5.6,91.4,ACTION_URGENTE,2,TruePositive,TruePositive,CRITIQUE
468821,24,50,SuspiciousActivity,2024-06-10 00:41:31+00:00,3,360606,98799,153085,34099,138268,BenignPositive,90.9,15.3,0.2,8.9,90.9,ACTION_URGENTE,1,BenignPositive,TruePositive,CRITIQUE
198682,54,298,InitialAccess,2024-06-16 11:17:09+00:00,9,360606,98799,153085,453297,138268,BenignPositive,90.4,10.7,3.6,6.0,90.4,ACTION_URGENTE,1,BenignPositive,TruePositive,CRITIQUE
37652,24,21,SuspiciousActivity,2024-06-12 18:10:08+00:00,43,360606,98799,153085,453297,138268,TruePositive,90.0,18.3,3.8,6.2,90.0,ACTION_URGENTE,2,TruePositive,TruePositive,CRITIQUE
160931,24,21,SuspiciousActivity,2024-06-04 21:00:32+00:00,11,17968,98799,153085,453297,138268,TruePositive,89.9,8.9,4.8,5.4,89.9,ACTION_URGENTE,2,TruePositive,TruePositive,CRITIQUE
459907,24,50,SuspiciousActivity,2024-06-03 18:33:43+00:00,3,360606,98799,153085,60304,138268,TruePositive,87.6,7.0,0.2,12.2,87.6,ACTION_URGENTE,2,TruePositive,TruePositive,CRITIQUE
499322,2068,383,SuspiciousActivity,2024-06-09 06:36:27+00:00,3,360606,98799,153085,453297,138268,TruePositive,86.7,12.0,7.1,6.2,86.7,ACTION_URGENTE,2,TruePositive,TruePositive,CRITIQUE
465860,24,50,SuspiciousActivity,2024-06-07 14:00:55+00:00,3,360606,98799,153085,119708,138268,TruePositive,86.6,11.2,0.2,13.1,86.6,ACTION_URGENTE,2,TruePositive,TruePositive,CRITIQUE
1049,14,4,SuspiciousActivity,2024-05-23 23:46:27+00:00,776,42374,98799,153085,453297,138268,TruePositive,85.2,69.8,2.2,12.6,85.2,ACTION_URGENTE,2,TruePositive,TruePositive,CRITIQUE
368777,287,623,SuspiciousActivity,2024-06-13 14:44:09+00:00,4,267134,98799,153085,453297,138268,TruePositive,83.2,12.3,10.9,5.9,83.2,ACTION_URGENTE,2,TruePositive,TruePositive,CRITIQUE
471455,24,21,SuspiciousActivity,2024-06-11 23:15:48+00:00,3,360606,98799,153085,7608,138268,BenignPositive,82.9,8.8,1.0,16.1,82.9,ACTION_URGENTE,1,BenignPositive,TruePositive,CRITIQUE
278787,63,6,InitialAccess,2024-06-04 02:33:59+00:00,6,360606,98799,153085,453297,138268,TruePositive,81.9,18.0,12.0,6.1,81.9,ACTION_URGENTE,2,TruePositive,TruePositive,CRITIQUE
469735,24,50,SuspiciousActivity,2024-06-10 17:15:14+00:00,3,29759,98799,153085,453297,138268,TruePositive,80.9,33.4,0.8,18.4,80.9,ACTION_URGENTE,2,TruePositive,TruePositive,CRITIQUE
17007,24,21,SuspiciousActivity,2024-06-06 19:56:05+00:00,81,360606,98799,153085,6182,138268,BenignPositive,80.0,40.2,7.2,12.8,80.0,ACTION_URGENTE,1,BenignPositive,TruePositive,CRITIQUE
515159,169,12,CredentialAccess,2024-05-31 07:16:41+00:00,3,62677,98799,153085,453297,138268,TruePositive,79.0,15.9,15.3,5.7,79.0,ACTION_URGENTE,2,TruePositive,TruePositive,CRITIQUE
41834,405,373,Execution,2024-06-11 08:01:09+00:00,3,360606,98799,153085,453297,138268,BenignPositive,77.8,3.8,11.8,10.4,77.8,ACTION_URGENTE,1,BenignPositive,TruePositive,CRITIQUE
45191,2316,12,CredentialAccess,2024-05-30 14:03:07+00:00,35,360606,98799,153085,453297,138268,FalsePositive,76.1,35.5,15.7,8.2,76.1,ACTION_URGENTE,0,FalsePositive,TruePositive,CRITIQUE
85054,393,6,InitialAccess,2024-06-03 15:25:33+00:00,20,360606,98799,153085,453297,138268,TruePositive,69.8,15.1,23.5,6.7,69.8,ESCALADE_N2,2,TruePositive,TruePositive,HAUTE
183658,1791,12,CredentialAccess,2024-05-28 15:39:32+00:00,7,360606,98799,153085,453297,138268,TruePositive,69.0,16.5,24.5,6.5,69.0,ESCALADE_N2,2,TruePositive,TruePositive,HAUTE
471293,24,50,SuspiciousActivity,2024-06-11 21:21:53+00:00,3,185679,98799,153085,453297,138268,TruePositive,67.3,23.5,1.2,31.5,67.3,ESCALADE_N2,2,TruePositive,TruePositive,HAUTE
59453,503,1546,InitialAccess,2024-06-07 00:11:42+00:00,24,360606,98799,153085,453297,138268,TruePositive,65.3,14.5,27.7,7.1,65.3,ESCALADE_N2,2,TruePositive,TruePositive,HAUTE
85267,1732,0,InitialAccess,2024-05-22 12:28:29+00:00,16,16591,98799,153085,453297,138268,FalsePositive,64.1,27.2,29.4,6.5,64.1,ESCALADE_N2,0,FalsePositive,TruePositive,HAUTE
467330,24,50,SuspiciousActivity,2024-06-08 21:01:19+00:00,3,360606,98799,153085,51022,138268,TruePositive,63.4,9.8,0.4,36.2,63.4,ESCALADE_N2,2,TruePositive,TruePositive,HAUTE
196855,2698,533,SuspiciousActivity,2024-06-06 15:26:18+00:00,3,360606,98799,153085,453297,138268,BenignPositive,63.1,7.0,9.6,27.3,63.1,ESCALADE_N2,1,BenignPositive,TruePositive,HAUTE
16244,655,1,InitialAccess,2024-06-09 01:41:56+00:00,38,360606,98799,153085,453297,138268,BenignPositive,61.7,22.9,8.2,30.1,61.7,ESCALADE_N2,1,BenignPositive,TruePositive,HAUTE
548585,612,278,SuspiciousActivity,2024-06-06 15:15:35+00:00,2,360606,98799,153085,453297,138268,TruePositive,61.4,3.5,28.5,10.2,61.4,ESCALADE_N2,2,TruePositive,TruePositive,HAUTE
517601,85,80,SuspiciousActivity,2024-06-11 07:40:34+00:00,3,360606,98799,153085,453297,138268,BenignPositive,58.1,3.8,14.2,27.6,58.1,ESCALADE_N2,1,BenignPositive,TruePositive,HAUTE
34380,1441,5,InitialAccess,2024-06-03 03:36:17+00:00,41,360606,98799,153085,453297,138268,FalsePositive,57.5,19.1,20.3,22.2,57.5,ESCALADE_N2,0,FalsePositive,TruePositive,HAUTE
22416,45,5,InitialAccess,2024-06-06 05:33:15+00:00,60,360606,98799,153085,453297,138268,FalsePositive,57.4,19.0,19.1,23.5,57.4,ESCALADE_N2,0,FalsePositive,TruePositive,HAUTE
249089,385,11,InitialAccess,2024-06-03 17:23:27+00:00,5,360606,98799,153085,453297,138268,BenignPositive,56.7,6.8,8.0,35.3,56.7,ESCALADE_N2,1,BenignPositive,TruePositive,HAUTE
9429,443,1,InitialAccess,2024-06-05 21:35:16+00:00,35,360606,98799,153085,453297,138268,BenignPositive,56.2,17.0,13.0,30.7,56.2,ESCALADE_N2,1,BenignPositive,TruePositive,HAUTE
11868,1079,1,InitialAccess,2024-05-28 22:22:35+00:00,86,360606,98799,153085,453297,138268,FalsePositive,55.7,28.8,16.5,27.8,55.7,ESCALADE_N2,0,FalsePositive,TruePositive,HAUTE
97551,45,5,InitialAccess,2024-06-05 05:34:39+00:00,16,101385,98799,153085,453297,138268,FalsePositive,53.7,9.1,15.6,30.7,53.7,ESCALADE_N2,0,FalsePositive,TruePositive,HAUTE
81518,333,1,InitialAccess,2024-06-03 03:33:13+00:00,16,360606,98799,153085,453297,138268,BenignPositive,53.3,10.8,11.3,35.5,53.3,ESCALADE_N2,1,BenignPositive,TruePositive,HAUTE
85929,655,1,InitialAccess,2024-06-03 11:26:22+00:00,20,360606,98799,153085,453297,138268,BenignPositive,52.5,8.8,13.8,33.7,52.5,ESCALADE_N2,1,BenignPositive,TruePositive,HAUTE
462411,24,21,SuspiciousActivity,2024-06-04 19:48:16+00:00,2,360606,98799,153085,3712,138268,BenignPositive,52.2,10.7,18.2,29.6,52.2,ESCALADE_N2,1,BenignPositive,TruePositive,HAUTE
68247,1836,126,InitialAccess,2024-06-04 14:12:06+00:00,23,360606,98799,153085,453297,138268,TruePositive,52.1,7.1,0.8,47.1,52.1,ESCALADE_N2,2,TruePositive,TruePositive,HAUTE
467847,24,21,SuspiciousActivity,2024-06-08 23:25:10+00:00,3,360606,98799,153085,54511,138268,BenignPositive,51.8,14.8,11.0,37.1,51.8,ESCALADE_N2,1,BenignPositive,TruePositive,HAUTE
39129,350,1,InitialAccess,2024-06-04 15:10:42+00:00,16,360606,98799,153085,453297,138268,BenignPositive,51.6,5.2,7.5,40.8,51.6,ESCALADE_N2,1,BenignPositive,TruePositive,HAUTE
16678,308,5,InitialAccess,2024-06-03 12:55:11+00:00,53,23671,98799,153085,453297,138268,TruePositive,51.4,23.1,30.2,18.4,51.4,ESCALADE_N2,2,TruePositive,TruePositive,HAUTE
173595,24,1,InitialAccess,2024-06-11 15:32:34+00:00,9,360606,98799,153085,453297,138268,TruePositive,51.3,6.1,5.1,43.6,51.3,ESCALADE_N2,2,TruePositive,TruePositive,HAUTE
64125,229,1,InitialAccess,2024-06-03 06:07:54+00:00,19,360606,98799,153085,453297,138268,TruePositive,51.0,9.7,9.9,39.1,51.0,ESCALADE_N2,2,TruePositive,TruePositive,HAUTE
20861,45,5,InitialAccess,2024-06-08 23:54:57+00:00,49,360606,98799,153085,453297,138268,FalsePositive,50.8,21.1,18.8,30.4,50.8,ESCALADE_N2,0,FalsePositive,TruePositive,HAUTE
117220,245,4,SuspiciousActivity,2024-06-12 15:09:20+00:00,6,360606,98799,153085,51324,138268,TruePositive,49.5,9.5,0.6,49.9,49.5,ESCALADE_N2,2,TruePositive,BenignPositive,HAUTE
499544,145,1,InitialAccess,2024-06-09 06:59:29+00:00,3,360606,98799,153085,453297,138268,BenignPositive,49.3,11.3,2.6,48.1,49.3,ESCALADE_N2,1,BenignPositive,TruePositive,HAUTE
163556,145,1,InitialAccess,2024-06-12 06:58:17+00:00,8,360606,98799,153085,453297,138268,BenignPositive,48.1,9.4,4.5,47.4,48.1,ESCALADE_N2,1,BenignPositive,TruePositive,HAUTE
52154,466,1,InitialAccess,2024-06-08 16:21:30+00:00,24,360606,98799,153085,453297,138268,TruePositive,48.1,13.1,6.6,45.3,48.1,ESCALADE_N2,2,TruePositive,TruePositive,HAUTE
74107,151,1,InitialAccess,2024-06-04 17:20:08+00:00,17,360606,98799,153085,453297,138268,BenignPositive,47.9,6.7,13.5,38.6,47.9,ESCALADE_N2,1,BenignPositive,TruePositive,HAUTE
152451,145,1,InitialAccess,2024-06-15 15:00:49+00:00,9,360606,98799,153085,453297,138268,BenignPositive,47.8,12.4,2.8,49.4,47.8,ESCALADE_N2,1,BenignPositive,BenignPositive,HAUTE
161311,24,1,InitialAccess,2024-06-15 10:06:55+00:00,9,360606,98799,153085,453297,138268,TruePositive,47.0,14.1,3.0,50.0,47.0,ESCALADE_N2,2,TruePositive,BenignPositive,HAUTE
143516,2442,4,SuspiciousActivity,2024-06-06 13:01:03+00:00,11,360606,98799,153085,453297,138268,TruePositive,47.0,6.4,5.2,47.8,47.0,ESCALADE_N2,2,TruePositive,BenignPositive,HAUTE
65829,24,1,InitialAccess,2024-06-13 17:12:29+00:00,16,360606,98799,153085,453297,138268,TruePositive,46.9,9.8,5.4,47.7,46.9,ESCALADE_N2,2,TruePositive,BenignPositive,HAUTE
99544,24,1,InitialAccess,2024-06-03 11:36:38+00:00,13,360606,98799,153085,453297,138268,TruePositive,46.9,10.2,5.2,47.9,46.9,ESCALADE_N2,2,TruePositive,BenignPositive,HAUTE
20603,282,1,InitialAccess,2024-06-05 09:38:44+00:00,32,360606,98799,153085,453297,138268,FalsePositive,46.6,11.2,12.6,40.8,46.6,ESCALADE_N2,0,FalsePositive,TruePositive,HAUTE
16920,45,5,InitialAccess,2024-06-11 15:50:20+00:00,61,360606,98799,153085,453297,138268,FalsePositive,45.5,16.4,25.0,29.5,45.5,ESCALADE_N2,0,FalsePositive,TruePositive,HAUTE
386307,1083,54,InitialAccess,2024-06-09 09:33:43+00:00,4,224469,98799,153085,453297,138268,TruePositive,45.4,10.2,36.3,18.3,45.4,ESCALADE_N2,2,TruePositive,TruePositive,HAUTE
38360,159,2,CommandAndControl,2024-06-05 14:01:35+00:00,12,360606,98799,153085,453297,138268,FalsePositive,44.5,14.1,8.1,47.3,44.5,INVESTIGATION_N1,0,FalsePositive,BenignPositive,MOYENNE
7327,245,4,SuspiciousActivity,2024-06-03 09:44:28+00:00,16,360606,98799,153085,453297,138268,TruePositive,43.5,11.7,12.4,44.1,43.5,INVESTIGATION_N1,2,TruePositive,BenignPositive,MOYENNE
33962,1821,1,InitialAccess,2024-05-29 21:51:04+00:00,32,360606,98799,153085,453297,138268,FalsePositive,43.4,12.1,12.4,44.2,43.4,INVESTIGATION_N1,0,FalsePositive,BenignPositive,MOYENNE
94600,282,1,InitialAccess,2024-06-10 11:05:13+00:00,14,360606,98799,153085,453297,138268,TruePositive,43.1,5.4,10.6,46.3,43.1,INVESTIGATION_N1,2,TruePositive,BenignPositive,MOYENNE
170552,427,5,InitialAccess,2024-06-08 19:08:10+00:00,8,15922,98799,153085,453297,138268,BenignPositive,42.4,10.3,16.0,41.6,42.4,INVESTIGATION_N1,1,BenignPositive,TruePositive,MOYENNE
4351,45,1,InitialAccess,2024-06-03 11:18:35+00:00,20,360606,98799,153085,453297,138268,BenignPositive,42.3,5.5,9.3,48.4,42.3,INVESTIGATION_N1,1,BenignPositive,BenignPositive,MOYENNE
128067,45,5,InitialAccess,2024-06-13 16:17:18+00:00,13,360606,98799,153085,453297,138268,BenignPositive,42.2,3.1,12.8,45.0,42.2,INVESTIGATION_N1,1,BenignPositive,BenignPositive,MOYENNE
32720,1129,1,InitialAccess,2024-05-28 22:01:17+00:00,24,360606,98799,153085,453297,138268,TruePositive,42.0,11.6,16.5,41.5,42.0,INVESTIGATION_N1,2,TruePositive,TruePositive,MOYENNE
70903,1826,5,InitialAccess,2024-06-03 11:21:11+00:00,20,1244,98799,153085,453297,138268,TruePositive,41.9,6.1,22.9,35.2,41.9,INVESTIGATION_N1,2,TruePositive,TruePositive,MOYENNE
80485,159,2,CommandAndControl,2024-06-04 03:17:44+00:00,11,360606,98799,153085,453297,138268,FalsePositive,41.4,13.9,13.0,45.5,41.4,INVESTIGATION_N1,0,FalsePositive,BenignPositive,MOYENNE
386321,1083,54,InitialAccess,2024-06-10 16:10:37+00:00,3,308406,98799,153085,453297,138268,TruePositive,40.2,5.1,47.6,12.2,40.2,INVESTIGATION_N1,2,TruePositive,FalsePositive,MOYENNE
97536,45,5,InitialAccess,2024-06-03 05:25:26+00:00,18,360606,98799,153085,453297,138268,BenignPositive,40.0,9.6,21.7,38.2,40.0,INVESTIGATION_N1,1,BenignPositive,TruePositive,MOYENNE
462146,24,21,SuspiciousActivity,2024-06-05 03:30:45+00:00,3,360606,98799,153085,355195,138268,BenignPositive,39.9,18.2,19.2,40.9,39.9,INVESTIGATION_N1,1,BenignPositive,BenignPositive,MOYENNE
121511,217,2,CommandAndControl,2024-06-03 19:12:21+00:00,13,360606,98799,153085,453297,138268,BenignPositive,39.9,10.5,19.2,40.9,39.9,INVESTIGATION_N1,1,BenignPositive,BenignPositive,MOYENNE
56163,1702,54,InitialAccess,2024-06-05 15:02:41+00:00,22,11511,98799,153085,453297,138268,FalsePositive,39.7,14.6,41.3,19.0,39.7,INVESTIGATION_N1,0,FalsePositive,FalsePositive,MOYENNE
71777,245,4,SuspiciousActivity,2024-06-12 17:48:21+00:00,15,360606,98799,153085,453297,138268,TruePositive,38.4,6.1,4.7,56.9,38.4,INVESTIGATION_N1,2,TruePositive,BenignPositive,MOYENNE
237639,569,3,InitialAccess,2024-06-03 21:15:29+00:00,6,87336,98799,153085,453297,138268,BenignPositive,37.9,8.3,57.1,5.0,37.9,INVESTIGATION_N1,1,BenignPositive,FalsePositive,MOYENNE
208446,5805,9,InitialAccess,2024-06-03 06:54:32+00:00,9,360606,98799,153085,453297,138268,FalsePositive,36.4,6.9,15.1,48.5,36.4,INVESTIGATION_N1,0,FalsePositive,BenignPositive,MOYENNE
184538,427,5,InitialAccess,2024-06-05 22:17:40+00:00,7,360606,98799,153085,453297,138268,BenignPositive,36.0,5.3,25.4,38.6,36.0,INVESTIGATION_N1,1,BenignPositive,BenignPositive,MOYENNE
47259,1459,54,InitialAccess,2024-06-03 12:54:22+00:00,28,360606,98799,153085,453297,138268,TruePositive,35.2,23.2,40.8,24.0,35.2,INVESTIGATION_N1,2,TruePositive,FalsePositive,MOYENNE
170512,427,5,InitialAccess,2024-06-04 17:45:03+00:00,10,360606,98799,153085,453297,138268,BenignPositive,35.2,4.2,22.5,42.3,35.2,INVESTIGATION_N1,1,BenignPositive,BenignPositive,MOYENNE
499718,145,190,Execution,2024-06-12 14:47:48+00:00,3,360606,98799,153085,453297,138268,BenignPositive,35.2,9.5,41.4,23.5,35.2,INVESTIGATION_N1,1,BenignPositive,FalsePositive,MOYENNE
229899,54,5,InitialAccess,2024-06-03 15:10:15+00:00,6,360606,98799,153085,453297,138268,TruePositive,34.8,4.8,13.6,51.6,34.8,INVESTIGATION_N1,2,TruePositive,BenignPositive,MOYENNE
156212,45,5,InitialAccess,2024-06-13 16:31:27+00:00,7,8937,98799,153085,453297,138268,FalsePositive,32.2,4.8,12.1,55.7,32.2,INVESTIGATION_N1,0,FalsePositive,BenignPositive,MOYENNE
213196,45,5,InitialAccess,2024-06-13 15:35:05+00:00,7,360606,98799,153085,453297,138268,BenignPositive,32.1,3.9,11.8,56.1,32.1,INVESTIGATION_N1,1,BenignPositive,BenignPositive,MOYENNE
212859,54,5,InitialAccess,2024-06-13 13:48:05+00:00,7,360606,98799,153085,453297,138268,TruePositive,31.4,5.1,11.3,57.3,31.4,INVESTIGATION_N1,2,TruePositive,BenignPositive,MOYENNE
60016,393,3,InitialAccess,2024-06-03 16:44:15+00:00,24,102682,98799,153085,453297,138268,TruePositive,31.3,10.5,58.0,10.7,31.3,INVESTIGATION_N1,2,TruePositive,FalsePositive,MOYENNE
55155,159,2,CommandAndControl,2024-06-11 03:05:05+00:00,5,360606,98799,153085,453297,138268,FalsePositive,29.3,7.6,9.8,60.9,29.3,INVESTIGATION_N1,0,FalsePositive,BenignPositive,MOYENNE
48508,2412,17,InitialAccess,2024-06-06 01:36:54+00:00,7,360606,98799,153085,453297,138268,BenignPositive,28.6,9.8,34.1,37.3,28.6,INVESTIGATION_N1,1,BenignPositive,BenignPositive,MOYENNE
38398,45,5,InitialAccess,2024-06-11 16:03:47+00:00,10,360606,98799,153085,453297,138268,FalsePositive,28.6,7.0,14.1,57.3,28.6,INVESTIGATION_N1,0,FalsePositive,BenignPositive,MOYENNE
442224,121,22,InitialAccess,2024-06-11 15:04:33+00:00,3,360606,98799,153085,453297,138268,TruePositive,27.5,0.8,11.5,61.0,27.5,INVESTIGATION_N1,2,TruePositive,BenignPositive,MOYENNE
470881,24,17,InitialAccess,2024-06-11 13:14:09+00:00,3,360606,98799,153085,168105,138268,BenignPositive,27.5,11.5,1.0,71.4,27.5,INVESTIGATION_N1,1,BenignPositive,BenignPositive,MOYENNE
182316,54,2,CommandAndControl,2024-06-11 14:46:25+00:00,9,360606,98799,153085,453297,138268,BenignPositive,27.0,3.2,7.8,65.2,27.0,INVESTIGATION_N1,1,BenignPositive,BenignPositive,MOYENNE
169778,217,2,CommandAndControl,2024-06-06 17:30:44+00:00,9,360606,98799,153085,453297,138268,BenignPositive,26.6,12.2,11.9,61.5,26.6,INVESTIGATION_N1,1,BenignPositive,BenignPositive,MOYENNE
235530,102,2,CommandAndControl,2024-06-06 16:47:56+00:00,7,360606,98799,153085,453297,138268,BenignPositive,26.1,8.2,12.5,61.4,26.1,INVESTIGATION_N1,1,BenignPositive,BenignPositive,MOYENNE
74022,217,2,CommandAndControl,2024-06-11 23:09:25+00:00,23,360606,98799,153085,453297,138268,BenignPositive,25.9,12.7,21.7,52.4,25.9,INVESTIGATION_N1,1,BenignPositive,BenignPositive,MOYENNE
499491,145,1,InitialAccess,2024-06-08 22:07:46+00:00,3,360606,98799,153085,29101,138268,BenignPositive,25.5,22.2,2.4,72.1,25.5,INVESTIGATION_N1,1,BenignPositive,BenignPositive,MOYENNE
250840,102,2,CommandAndControl,2024-06-04 15:23:53+00:00,7,360606,98799,153085,453297,138268,BenignPositive,25.3,3.7,11.4,63.3,25.3,INVESTIGATION_N1,1,BenignPositive,BenignPositive,MOYENNE
68043,255,2,CommandAndControl,2024-06-11 11:50:42+00:00,8,360606,98799,153085,453297,138268,TruePositive,25.2,3.4,7.8,67.0,25.2,INVESTIGATION_N1,2,TruePositive,BenignPositive,MOYENNE
157163,217,2,CommandAndControl,2024-06-09 06:33:45+00:00,12,360606,98799,153085,453297,138268,BenignPositive,25.0,17.0,5.9,69.2,25.0,INVESTIGATION_N1,1,BenignPositive,BenignPositive,MOYENNE
250973,102,2,CommandAndControl,2024-06-11 06:12:41+00:00,5,360606,98799,153085,453297,138268,BenignPositive,24.9,5.8,9.2,65.9,24.9,INVESTIGATION_N1,1,BenignPositive,BenignPositive,MOYENNE
139408,217,2,CommandAndControl,2024-06-10 07:07:56+00:00,10,360606,98799,153085,453297,138268,BenignPositive,24.7,7.7,11.0,64.2,24.7,INVESTIGATION_N1,1,BenignPositive,BenignPositive,MOYENNE
72610,350,8,InitialAccess,2024-06-03 08:02:53+00:00,22,360606,98799,153085,4583,138268,BenignPositive,24.5,14.9,2.5,73.0,24.5,INVESTIGATION_N1,1,BenignPositive,BenignPositive,MOYENNE
48816,3535,0,InitialAccess,2024-05-29 21:19:23+00:00,12,360606,98799,153085,453297,138268,TruePositive,24.0,18.4,70.1,5.9,24.0,INVESTIGATION_N1,2,TruePositive,FalsePositive,MOYENNE
468851,24,21,SuspiciousActivity,2024-06-10 02:04:47+00:00,3,360606,98799,153085,2248,138268,BenignPositive,23.7,13.5,28.3,48.0,23.7,INVESTIGATION_N1,1,BenignPositive,BenignPositive,MOYENNE
62307,255,2,CommandAndControl,2024-06-05 23:24:31+00:00,25,360606,98799,153085,453297,138268,TruePositive,23.3,18.0,21.2,55.5,23.3,INVESTIGATION_N1,2,TruePositive,BenignPositive,MOYENNE
229849,1154,22,InitialAccess,2024-06-05 20:13:07+00:00,3,360606,98799,153085,453297,138268,FalsePositive,22.5,1.4,9.0,68.5,22.5,INVESTIGATION_N1,0,FalsePositive,BenignPositive,MOYENNE
157204,217,2,CommandAndControl,2024-06-13 03:39:28+00:00,10,360606,98799,153085,453297,1,BenignPositive,20.2,26.6,15.0,64.8,20.2,INVESTIGATION_N1,1,BenignPositive,BenignPositive,MOYENNE
499335,145,22,InitialAccess,2024-06-05 13:48:20+00:00,3,360606,98799,153085,453297,138268,BenignPositive,19.9,0.9,9.2,70.8,19.9,CLOTURE_FP,1,BenignPositive,BenignPositive,FAIBLE
178863,169,0,InitialAccess,2024-06-09 01:48:37+00:00,11,360606,98799,153085,453297,138268,TruePositive,19.7,20.3,75.0,5.3,19.7,CLOTURE_FP,2,TruePositive,FalsePositive,FAIBLE
472235,24,50,SuspiciousActivity,2024-06-11 22:10:28+00:00,2,360606,98799,153085,453297,138268,BenignPositive,18.8,6.7,3.7,77.4,18.8,CLOTURE_FP,1,BenignPositive,BenignPositive,FAIBLE
63949,1586,15,InitialAccess,2024-06-03 11:16:05+00:00,4,360606,98799,153085,453297,138268,FalsePositive,18.2,4.3,80.6,1.2,18.2,CLOTURE_FP,0,FalsePositive,FalsePositive,FAIBLE
15157,1967,8754,InitialAccess,2024-05-25 22:25:53+00:00,67,122679,98799,153085,453297,138268,FalsePositive,18.1,26.4,79.8,2.0,18.1,CLOTURE_FP,0,FalsePositive,FalsePositive,FAIBLE
74961,24,11,InitialAccess,2024-06-07 17:30:04+00:00,18,360606,98799,153085,453297,10751,BenignPositive,17.8,22.6,4.3,77.9,17.8,CLOTURE_FP,1,BenignPositive,BenignPositive,FAIBLE
472777,24,50,SuspiciousActivity,2024-06-12 20:23:16+00:00,2,61528,98799,153085,453297,138268,BenignPositive,17.7,6.6,3.7,78.6,17.7,CLOTURE_FP,1,BenignPositive,BenignPositive,FAIBLE
388841,2189,0,InitialAccess,2024-06-09 21:09:05+00:00,4,360606,98799,153085,453297,138268,FalsePositive,17.1,11.1,79.8,3.0,17.1,CLOTURE_FP,0,FalsePositive,FalsePositive,FAIBLE
88923,2429,15,InitialAccess,2024-05-29 06:48:55+00:00,15,360606,98799,153085,453297,138268,FalsePositive,17.0,12.0,80.3,2.7,17.0,CLOTURE_FP,0,FalsePositive,FalsePositive,FAIBLE
552345,24,50,SuspiciousActivity,2024-06-06 16:57:27+00:00,2,360606,98799,153085,453297,138268,FalsePositive,16.6,3.9,2.9,80.5,16.6,CLOTURE_FP,0,FalsePositive,BenignPositive,FAIBLE
134178,170,0,InitialAccess,2024-06-07 09:51:20+00:00,12,360606,98799,153085,453297,138268,FalsePositive,16.4,10.5,78.2,5.4,16.4,CLOTURE_FP,0,FalsePositive,FalsePositive,FAIBLE
464764,24,50,SuspiciousActivity,2024-06-06 17:16:48+00:00,2,13111,98799,153085,453297,138268,BenignPositive,16.3,6.1,3.5,80.2,16.3,CLOTURE_FP,1,BenignPositive,BenignPositive,FAIBLE
102963,5540,15,InitialAccess,2024-06-07 18:39:51+00:00,6,360606,98799,153085,453297,138268,TruePositive,16.2,10.0,82.1,1.7,16.2,CLOTURE_FP,2,TruePositive,FalsePositive,FAIBLE
13571,1484,1,InitialAccess,2024-02-02 15:42:47+00:00,67,360606,98799,153085,143594,138268,BenignPositive,15.5,37.5,18.6,65.9,15.5,CLOTURE_FP,1,BenignPositive,BenignPositive,FAIBLE
170491,5404,0,InitialAccess,2024-06-04 19:06:22+00:00,8,249997,98799,153085,453297,138268,FalsePositive,15.3,6.9,81.3,3.4,15.3,CLOTURE_FP,0,FalsePositive,FalsePositive,FAIBLE
124741,81,0,InitialAccess,2024-06-07 20:47:27+00:00,12,360606,98799,153085,453297,138268,BenignPositive,14.7,11.9,78.8,6.5,14.7,CLOTURE_FP,1,BenignPositive,FalsePositive,FAIBLE
243308,170,0,InitialAccess,2024-06-08 03:29:02+00:00,7,360606,98799,153085,453297,138268,FalsePositive,14.6,18.1,81.5,3.9,14.6,CLOTURE_FP,0,FalsePositive,FalsePositive,FAIBLE
62969,4593,0,InitialAccess,2024-06-03 07:04:04+00:00,10,360606,98799,153085,453297,138268,FalsePositive,14.5,16.6,81.8,3.7,14.5,CLOTURE_FP,0,FalsePositive,FalsePositive,FAIBLE
472187,24,50,SuspiciousActivity,2024-06-11 22:54:58+00:00,3,360606,98799,153085,453297,138268,BenignPositive,14.4,4.5,3.6,82.0,14.4,CLOTURE_FP,1,BenignPositive,BenignPositive,FAIBLE
113489,229,4,SuspiciousActivity,2024-06-07 14:08:28+00:00,5,360606,98799,153085,453297,0,BenignPositive,14.2,16.6,1.2,84.6,14.2,CLOTURE_FP,1,BenignPositive,BenignPositive,FAIBLE
463282,24,50,SuspiciousActivity,2024-06-05 18:31:38+00:00,2,360606,98799,153085,453297,138268,BenignPositive,14.1,6.8,3.2,82.7,14.1,CLOTURE_FP,1,BenignPositive,BenignPositive,FAIBLE
460954,24,50,SuspiciousActivity,2024-06-04 12:36:01+00:00,3,360606,98799,153085,453297,138268,BenignPositive,13.9,3.2,3.3,82.8,13.9,CLOTURE_FP,1,BenignPositive,BenignPositive,FAIBLE
461618,24,50,SuspiciousActivity,2024-06-05 05:09:23+00:00,3,343194,98799,153085,453297,138268,BenignPositive,13.9,7.7,2.9,83.3,13.9,CLOTURE_FP,1,BenignPositive,BenignPositive,FAIBLE
462020,24,50,SuspiciousActivity,2024-06-04 19:30:15+00:00,3,360606,98799,153085,453297,138268,BenignPositive,13.5,3.6,3.8,82.8,13.5,CLOTURE_FP,1,BenignPositive,BenignPositive,FAIBLE
243310,170,0,InitialAccess,2024-06-08 11:00:39+00:00,7,360606,98799,153085,453297,138268,FalsePositive,13.3,15.2,81.8,4.9,13.3,CLOTURE_FP,0,FalsePositive,FalsePositive,FAIBLE
243320,170,0,InitialAccess,2024-06-10 15:08:48+00:00,6,332868,98799,153085,453297,138268,FalsePositive,13.0,8.3,82.4,4.6,13.0,CLOTURE_FP,0,FalsePositive,FalsePositive,FAIBLE
247817,5168,0,InitialAccess,2024-06-08 05:56:42+00:00,4,360606,98799,153085,453297,138268,FalsePositive,13.0,13.8,84.7,2.3,13.0,CLOTURE_FP,0,FalsePositive,FalsePositive,FAIBLE
143049,437,4,SuspiciousActivity,2024-06-07 12:38:20+00:00,5,360606,98799,153085,453297,138268,BenignPositive,12.9,4.2,1.3,85.7,12.9,CLOTURE_FP,1,BenignPositive,BenignPositive,FAIBLE
345202,4585,15,InitialAccess,2024-06-04 06:23:00+00:00,4,180523,98799,153085,453297,138268,FalsePositive,12.9,4.8,86.2,0.9,12.9,CLOTURE_FP,0,FalsePositive,FalsePositive,FAIBLE
92946,3077,0,InitialAccess,2024-06-04 06:57:12+00:00,15,360606,98799,153085,453297,138268,FalsePositive,12.7,18.2,83.4,3.8,12.7,CLOTURE_FP,0,FalsePositive,FalsePositive,FAIBLE
163405,170,0,InitialAccess,2024-06-11 13:10:20+00:00,10,360606,98799,153085,453297,138268,FalsePositive,12.6,6.5,81.5,5.9,12.6,CLOTURE_FP,0,FalsePositive,FalsePositive,FAIBLE
327925,128,102,CredentialAccess,2024-06-04 08:30:46+00:00,4,360606,98799,22353,453297,138268,BenignPositive,12.6,9.4,17.3,70.1,12.6,CLOTURE_FP,1,BenignPositive,BenignPositive,FAIBLE
93206,217,2,CommandAndControl,2024-06-11 17:06:46+00:00,18,360606,98799,153085,453297,1,BenignPositive,12.5,21.7,26.0,61.5,12.5,CLOTURE_FP,1,BenignPositive,BenignPositive,FAIBLE
461208,24,50,SuspiciousActivity,2024-06-04 16:23:17+00:00,3,360606,98799,153085,453297,138268,BenignPositive,12.1,2.9,3.3,84.6,12.1,CLOTURE_FP,1,BenignPositive,BenignPositive,FAIBLE
471053,24,50,SuspiciousActivity,2024-06-11 13:04:06+00:00,3,357150,98799,153085,453297,138268,BenignPositive,11.9,2.8,3.2,84.8,11.9,CLOTURE_FP,1,BenignPositive,BenignPositive,FAIBLE
111770,1035,0,InitialAccess,2024-06-04 20:57:26+00:00,15,360606,98799,153085,453297,138268,BenignPositive,11.7,10.6,83.9,4.3,11.7,CLOTURE_FP,1,BenignPositive,FalsePositive,FAIBLE
470912,24,50,SuspiciousActivity,2024-06-11 17:52:25+00:00,3,63367,98799,153085,453297,138268,BenignPositive,11.6,3.1,3.3,85.2,11.6,CLOTURE_FP,1,BenignPositive,BenignPositive,FAIBLE
461124,24,50,SuspiciousActivity,2024-06-04 17:14:09+00:00,3,360606,98799,153085,453297,138268,BenignPositive,11.6,3.1,3.3,85.2,11.6,CLOTURE_FP,1,BenignPositive,BenignPositive,FAIBLE
469887,24,50,SuspiciousActivity,2024-06-10 19:58:58+00:00,3,10941,98799,153085,453297,138268,BenignPositive,11.6,4.4,3.2,85.2,11.6,CLOTURE_FP,1,BenignPositive,BenignPositive,FAIBLE
463351,24,50,SuspiciousActivity,2024-06-05 22:31:31+00:00,3,360606,98799,153085,453297,138268,BenignPositive,11.5,4.8,3.1,85.3,11.5,CLOTURE_FP,1,BenignPositive,BenignPositive,FAIBLE
466067,24,50,SuspiciousActivity,2024-06-07 17:19:55+00:00,2,360606,98799,153085,453297,138268,BenignPositive,11.4,7.8,2.6,86.0,11.4,CLOTURE_FP,1,BenignPositive,BenignPositive,FAIBLE
180797,3808,15,InitialAccess,2024-06-04 13:58:29+00:00,10,360606,98799,153085,453297,138268,FalsePositive,11.2,8.3,87.0,1.7,11.2,CLOTURE_FP,0,FalsePositive,FalsePositive,FAIBLE
28295,1793,15,InitialAccess,2024-06-04 02:53:15+00:00,39,360606,98799,153085,453297,138268,FalsePositive,11.2,23.9,87.6,1.2,11.2,CLOTURE_FP,0,FalsePositive,FalsePositive,FAIBLE
499799,145,17,InitialAccess,2024-06-14 14:16:54+00:00,3,360606,98799,153085,109697,138268,TruePositive,11.0,7.3,2.0,86.9,11.0,CLOTURE_FP,2,TruePositive,BenignPositive,FAIBLE
472779,24,50,SuspiciousActivity,2024-06-12 21:22:04+00:00,3,360606,98799,153085,453297,138268,BenignPositive,10.9,4.4,3.1,85.9,10.9,CLOTURE_FP,1,BenignPositive,BenignPositive,FAIBLE
47257,2420,15,InitialAccess,2024-06-07 00:07:13+00:00,22,20591,98799,153085,453297,138268,FalsePositive,10.9,25.5,87.9,1.2,10.9,CLOTURE_FP,0,FalsePositive,FalsePositive,FAIBLE
459719,24,50,SuspiciousActivity,2024-06-03 18:30:09+00:00,3,324873,98799,153085,453297,138268,BenignPositive,10.7,5.6,3.2,86.1,10.7,CLOTURE_FP,1,BenignPositive,BenignPositive,FAIBLE
6458,362,3648,Malware,2024-06-04 10:41:46+00:00,44,360606,98799,153085,453297,138268,BenignPositive,10.7,20.3,41.0,48.3,10.7,CLOTURE_FP,1,BenignPositive,BenignPositive,FAIBLE
18273,4506,0,InitialAccess,2024-06-03 07:01:53+00:00,14,360606,98799,153085,453297,138268,FalsePositive,10.5,14.4,85.9,3.6,10.5,CLOTURE_FP,0,FalsePositive,FalsePositive,FAIBLE
172612,2668,15,InitialAccess,2024-06-05 07:43:32+00:00,4,360606,98799,153085,453297,138268,FalsePositive,10.4,5.2,88.0,1.6,10.4,CLOTURE_FP,0,FalsePositive,FalsePositive,FAIBLE
53434,217,5,InitialAccess,2024-06-10 10:07:44+00:00,12,360606,98799,153085,62776,138268,BenignPositive,10.3,18.8,19.2,70.5,10.3,CLOTURE_FP,1,BenignPositive,BenignPositive,FAIBLE
190429,81,5,InitialAccess,2024-06-05 14:37:41+00:00,7,360606,98799,153085,85743,138268,BenignPositive,10.2,16.5,0.9,88.9,10.2,CLOTURE_FP,1,BenignPositive,BenignPositive,FAIBLE
459782,24,50,SuspiciousActivity,2024-06-03 17:57:37+00:00,3,360606,98799,153085,453297,138268,BenignPositive,10.0,4.2,2.9,87.2,10.0,CLOTURE_FP,1,BenignPositive,BenignPositive,FAIBLE
204221,282,0,InitialAccess,2024-06-04 20:56:56+00:00,6,149813,98799,153085,453297,138268,FalsePositive,9.9,8.7,87.7,2.4,9.9,CLOTURE_FP,0,FalsePositive,FalsePositive,FAIBLE
462919,24,50,SuspiciousActivity,2024-06-05 16:05:24+00:00,3,234596,98799,153085,453297,138268,BenignPositive,9.8,2.9,2.7,87.5,9.8,CLOTURE_FP,1,BenignPositive,BenignPositive,FAIBLE
468307,24,50,SuspiciousActivity,2024-06-09 10:52:25+00:00,2,326916,98799,153085,453297,138268,BenignPositive,9.7,12.7,2.1,88.1,9.7,CLOTURE_FP,1,BenignPositive,BenignPositive,FAIBLE
559961,85,3010,SuspiciousActivity,2024-06-09 02:11:14+00:00,2,360606,98799,153085,453297,138268,BenignPositive,9.6,14.1,5.1,85.3,9.6,CLOTURE_FP,1,BenignPositive,BenignPositive,FAIBLE
327958,128,102,CredentialAccess,2024-06-05 20:50:08+00:00,5,360606,98799,2706,453297,138268,BenignPositive,9.5,8.1,18.7,71.8,9.5,CLOTURE_FP,1,BenignPositive,BenignPositive,FAIBLE
114962,1169,0,InitialAccess,2024-06-03 14:46:58+00:00,7,360606,98799,153085,453297,138268,FalsePositive,9.4,8.2,87.7,2.9,9.4,CLOTURE_FP,0,FalsePositive,FalsePositive,FAIBLE
472314,24,50,SuspiciousActivity,2024-06-12 17:05:08+00:00,3,360606,98799,153085,453297,138268,FalsePositive,9.4,3.1,2.8,87.8,9.4,CLOTURE_FP,0,FalsePositive,BenignPositive,FAIBLE
339911,1383,0,InitialAccess,2024-06-03 04:39:23+00:00,3,360606,98799,153085,453297,138268,FalsePositive,9.1,10.5,89.9,1.0,9.1,CLOTURE_FP,0,FalsePositive,FalsePositive,FAIBLE
155700,1322,6,InitialAccess,2024-06-03 04:35:37+00:00,7,360606,98799,153085,3696,138268,FalsePositive,9.0,19.3,74.2,16.8,9.0,CLOTURE_FP,0,FalsePositive,FalsePositive,FAIBLE
475607,24,50,SuspiciousActivity,2024-06-16 23:15:13+00:00,3,360606,98799,153085,453297,138268,BenignPositive,9.0,11.2,2.0,89.0,9.0,CLOTURE_FP,1,BenignPositive,BenignPositive,FAIBLE
71021,1338,576,SuspiciousActivity,2024-06-08 10:20:34+00:00,25,360606,98799,153085,78143,138268,BenignPositive,8.9,20.1,8.4,82.8,8.9,CLOTURE_FP,1,BenignPositive,BenignPositive,FAIBLE
243146,170,0,InitialAccess,2024-06-05 21:35:40+00:00,6,360606,98799,153085,453297,138268,FalsePositive,8.8,10.4,87.9,3.3,8.8,CLOTURE_FP,0,FalsePositive,FalsePositive,FAIBLE
139587,102,1972,SuspiciousActivity,2024-06-07 20:40:53+00:00,15,360606,98799,153085,453297,138268,BenignPositive,8.8,7.9,3.3,87.9,8.8,CLOTURE_FP,1,BenignPositive,BenignPositive,FAIBLE
175467,170,0,InitialAccess,2024-06-03 18:51:15+00:00,7,360606,98799,153085,453297,138268,FalsePositive,8.7,10.8,86.5,4.8,8.7,CLOTURE_FP,0,FalsePositive,FalsePositive,FAIBLE
381323,2651,0,InitialAccess,2024-06-04 00:48:04+00:00,4,360606,98799,153085,453297,138268,FalsePositive,8.6,7.4,90.4,1.1,8.6,CLOTURE_FP,0,FalsePositive,FalsePositive,FAIBLE
81273,262,645,Execution,2024-06-04 20:54:47+00:00,18,360606,98799,153085,453297,138268,BenignPositive,8.4,19.3,88.8,2.8,8.4,CLOTURE_FP,1,BenignPositive,FalsePositive,FAIBLE
468328,24,50,SuspiciousActivity,2024-06-09 20:29:46+00:00,3,332461,98799,153085,453297,138268,BenignPositive,8.0,9.7,1.9,90.1,8.0,CLOTURE_FP,1,BenignPositive,BenignPositive,FAIBLE
43581,299,8,InitialAccess,2024-06-07 05:30:56+00:00,33,360606,98799,153085,3132,138268,BenignPositive,7.8,35.8,9.4,82.7,7.8,CLOTURE_FP,1,BenignPositive,BenignPositive,FAIBLE
395443,465,0,InitialAccess,2024-06-12 02:13:23+00:00,3,360606,98799,153085,453297,138268,FalsePositive,7.5,8.8,91.4,1.1,7.5,CLOTURE_FP,0,FalsePositive,FalsePositive,FAIBLE
180844,2401,15,InitialAccess,2024-06-04 16:11:17+00:00,9,360606,98799,153085,453297,138268,FalsePositive,7.4,8.0,91.0,1.6,7.4,CLOTURE_FP,0,FalsePositive,FalsePositive,FAIBLE
6964,20,95,Impact,2024-05-26 23:39:08+00:00,35,41322,98799,153085,453297,138268,FalsePositive,7.1,28.9,59.4,33.5,7.1,CLOTURE_FP,0,FalsePositive,FalsePositive,FAIBLE
475461,24,50,SuspiciousActivity,2024-06-16 14:38:16+00:00,3,305478,98799,153085,453297,138268,BenignPositive,7.0,9.4,1.7,91.3,7.0,CLOTURE_FP,1,BenignPositive,BenignPositive,FAIBLE
64569,4776,15,InitialAccess,2024-06-05 17:42:02+00:00,10,360606,98799,153085,453297,138268,FalsePositive,6.6,8.0,91.8,1.7,6.6,CLOTURE_FP,0,FalsePositive,FalsePositive,FAIBLE
182112,364,588,InitialAccess,2024-06-09 04:51:16+00:00,7,360606,98799,153085,453297,138268,BenignPositive,6.6,21.2,5.1,88.3,6.6,CLOTURE_FP,1,BenignPositive,BenignPositive,FAIBLE
262779,2470,0,InitialAccess,2024-06-07 14:18:37+00:00,3,360606,98799,153085,453297,138268,FalsePositive,6.5,7.2,92.2,1.3,6.5,CLOTURE_FP,0,FalsePositive,FalsePositive,FAIBLE
464610,24,50,SuspiciousActivity,2024-06-06 17:23:15+00:00,3,360606,98799,153085,368904,138268,BenignPositive,6.5,18.9,0.4,93.1,6.5,CLOTURE_FP,1,BenignPositive,BenignPositive,FAIBLE
159769,1600,472,SuspiciousActivity,2024-06-07 13:39:04+00:00,11,360606,98799,153085,453297,138268,FalsePositive,6.2,11.2,93.5,0.3,6.2,CLOTURE_FP,0,FalsePositive,FalsePositive,FAIBLE
187979,4741,0,InitialAccess,2024-06-05 02:13:39+00:00,4,360606,98799,153085,453297,138268,FalsePositive,6.1,7.7,92.9,1.0,6.1,CLOTURE_FP,0,FalsePositive,FalsePositive,FAIBLE
460856,24,50,SuspiciousActivity,2024-06-04 03:56:32+00:00,2,360606,98799,153085,43185,138268,BenignPositive,6.0,12.9,1.5,92.5,6.0,CLOTURE_FP,1,BenignPositive,BenignPositive,FAIBLE
285113,299,948,InitialAccess,2024-06-07 11:34:35+00:00,4,255754,98799,153085,453297,138268,FalsePositive,5.7,3.1,60.1,34.2,5.7,CLOTURE_FP,0,FalsePositive,FalsePositive,FAIBLE
370259,2697,0,InitialAccess,2024-06-05 17:32:42+00:00,4,126497,98799,153085,453297,138268,FalsePositive,5.6,3.7,93.1,1.3,5.6,CLOTURE_FP,0,FalsePositive,FalsePositive,FAIBLE
98972,2071,1,InitialAccess,2024-06-03 10:51:16+00:00,16,360606,98799,153085,69669,138268,BenignPositive,5.5,13.6,17.0,77.5,5.5,CLOTURE_FP,1,BenignPositive,BenignPositive,FAIBLE
376932,4552,0,InitialAccess,2024-06-05 15:17:48+00:00,4,360606,98799,153085,453297,138268,FalsePositive,5.1,3.4,93.7,1.2,5.1,CLOTURE_FP,0,FalsePositive,FalsePositive,FAIBLE
356348,170,0,InitialAccess,2024-06-13 20:58:14+00:00,4,360606,98799,153085,453297,138268,FalsePositive,5.0,4.2,94.0,1.0,5.0,CLOTURE_FP,0,FalsePositive,FalsePositive,FAIBLE
93215,2271,241,Execution,2024-06-04 06:26:01+00:00,16,360606,98799,153085,55249,138268,FalsePositive,4.9,27.9,76.8,18.2,4.9,CLOTURE_FP,0,FalsePositive,FalsePositive,FAIBLE
175585,170,0,InitialAccess,2024-06-13 22:16:35+00:00,4,360606,98799,153085,453297,138268,FalsePositive,4.9,4.5,94.1,0.9,4.9,CLOTURE_FP,0,FalsePositive,FalsePositive,FAIBLE
83026,641,269,CredentialAccess,2024-06-08 05:37:31+00:00,8,360606,98799,153085,453297,138268,BenignPositive,4.6,19.4,3.3,92.1,4.6,CLOTURE_FP,1,BenignPositive,BenignPositive,FAIBLE
34095,3126,260,Execution,2024-06-04 15:58:23+00:00,45,360606,98799,153085,453297,138268,FalsePositive,4.5,33.3,93.4,2.1,4.5,CLOTURE_FP,0,FalsePositive,FalsePositive,FAIBLE
139762,151,1,InitialAccess,2024-06-10 23:47:58+00:00,12,360606,98799,153085,45981,138268,BenignPositive,4.4,12.5,8.1,87.6,4.4,CLOTURE_FP,1,BenignPositive,BenignPositive,FAIBLE
14959,45,5,InitialAccess,2024-06-04 08:45:55+00:00,75,360606,98799,153085,5,138268,FalsePositive,4.3,25.5,48.9,46.8,4.3,CLOTURE_FP,0,FalsePositive,FalsePositive,FAIBLE
59471,949,639,CommandAndControl,2024-05-30 00:31:50+00:00,7,360606,98799,153085,453297,138268,FalsePositive,4.3,20.3,47.7,48.0,4.3,CLOTURE_FP,0,FalsePositive,BenignPositive,FAIBLE
73290,405,9,InitialAccess,2024-06-04 03:59:18+00:00,9,360606,98799,153085,271143,138268,BenignPositive,4.2,16.5,33.2,62.6,4.2,CLOTURE_FP,1,BenignPositive,BenignPositive,FAIBLE
356185,170,0,InitialAccess,2024-06-13 14:57:30+00:00,4,342881,98799,153085,453297,138268,FalsePositive,4.1,3.1,95.0,0.9,4.1,CLOTURE_FP,0,FalsePositive,FalsePositive,FAIBLE
243508,81,8953,SuspiciousActivity,2024-06-12 14:47:19+00:00,2,265930,98799,153085,453297,138268,BenignPositive,3.7,3.7,1.3,95.0,3.7,CLOTURE_FP,1,BenignPositive,BenignPositive,FAIBLE
49811,832,4073,InitialAccess,2024-06-03 13:18:55+00:00,16,360606,98799,153085,453297,138268,FalsePositive,3.7,5.9,95.3,1.0,3.7,CLOTURE_FP,0,FalsePositive,FalsePositive,FAIBLE
91010,145,1,InitialAccess,2024-06-10 19:36:33+00:00,19,360606,98799,153085,37206,138268,FalsePositive,3.6,12.6,25.1,71.4,3.6,CLOTURE_FP,0,FalsePositive,BenignPositive,FAIBLE
5179,777,209,Exfiltration,2024-06-03 17:25:22+00:00,107,360606,98799,153085,453297,138268,BenignPositive,3.5,45.8,12.2,84.3,3.5,CLOTURE_FP,1,BenignPositive,BenignPositive,FAIBLE
50603,1939,6552,SuspiciousActivity,2024-06-09 19:27:22+00:00,17,287199,98799,153085,453297,138268,BenignPositive,3.5,15.9,1.4,95.1,3.5,CLOTURE_FP,1,BenignPositive,BenignPositive,FAIBLE
3802,20,35,CommandAndControl,2024-05-31 14:37:59+00:00,44,84344,98799,153085,453297,138268,FalsePositive,3.5,43.8,92.0,4.4,3.5,CLOTURE_FP,0,FalsePositive,FalsePositive,FAIBLE
84553,45,5,InitialAccess,2024-06-07 16:52:23+00:00,20,360606,98799,153085,5,138268,FalsePositive,3.4,15.0,27.7,68.9,3.4,CLOTURE_FP,0,FalsePositive,BenignPositive,FAIBLE
19147,1269,23,InitialAccess,2024-06-03 19:33:28+00:00,63,360606,98799,153085,71887,138268,FalsePositive,3.3,31.0,55.7,41.0,3.3,CLOTURE_FP,0,FalsePositive,FalsePositive,FAIBLE
499451,145,1,InitialAccess,2024-06-08 06:54:45+00:00,3,360606,98799,153085,6971,138268,BenignPositive,2.9,12.5,5.5,91.6,2.9,CLOTURE_FP,1,BenignPositive,BenignPositive,FAIBLE
170420,2251,49,SuspiciousActivity,2024-06-03 15:20:10+00:00,8,360606,98799,153085,195035,138268,FalsePositive,2.9,18.9,43.9,53.2,2.9,CLOTURE_FP,0,FalsePositive,BenignPositive,FAIBLE
45193,1118,7994,Impact,2024-05-30 00:50:53+00:00,11,360606,98799,153085,453297,138268,FalsePositive,2.6,17.2,96.6,0.8,2.6,CLOTURE_FP,0,FalsePositive,FalsePositive,FAIBLE
105041,432,318,Persistence,2024-06-05 09:30:11+00:00,12,360606,98799,153085,49,138268,FalsePositive,2.4,25.5,17.2,80.4,2.4,CLOTURE_FP,0,FalsePositive,BenignPositive,FAIBLE
30982,159,2,CommandAndControl,2024-06-05 00:51:13+00:00,42,360606,98799,153085,62844,138268,FalsePositive,2.3,42.2,24.9,72.9,2.3,CLOTURE_FP,0,FalsePositive,BenignPositive,FAIBLE
597626,54,1433,Discovery,2024-06-05 22:45:39+00:00,1,360606,98799,153085,453297,138268,BenignPositive,2.3,11.1,2.1,95.6,2.3,CLOTURE_FP,1,BenignPositive,BenignPositive,FAIBLE
157161,217,961,PrivilegeEscalation,2024-06-09 01:16:17+00:00,6,360606,98799,153085,453297,138268,BenignPositive,2.3,18.8,3.2,94.5,2.3,CLOTURE_FP,1,BenignPositive,BenignPositive,FAIBLE
466257,24,50,SuspiciousActivity,2024-06-08 01:52:24+00:00,3,360606,98799,153085,130728,138268,BenignPositive,2.2,27.0,6.1,91.8,2.2,CLOTURE_FP,1,BenignPositive,BenignPositive,FAIBLE
475356,24,50,SuspiciousActivity,2024-06-16 06:29:46+00:00,3,360606,98799,153085,352096,138268,BenignPositive,2.1,30.6,1.7,96.2,2.1,CLOTURE_FP,1,BenignPositive,BenignPositive,FAIBLE
38307,3127,28,Malware,2024-06-04 02:54:42+00:00,34,360606,98799,153085,453297,7066,FalsePositive,2.1,45.1,80.8,17.1,2.1,CLOTURE_FP,0,FalsePositive,FalsePositive,FAIBLE
293580,164,5370,Discovery,2024-06-07 02:30:58+00:00,4,2947,98799,153085,453297,138268,BenignPositive,2.0,11.1,1.3,96.7,2.0,CLOTURE_FP,1,BenignPositive,BenignPositive,FAIBLE
115475,313,2050,Impact,2024-05-26 02:56:31+00:00,15,108553,98799,153085,453297,138268,BenignPositive,2.0,17.3,0.8,97.3,2.0,CLOTURE_FP,1,BenignPositive,BenignPositive,FAIBLE
395672,465,0,InitialAccess,2024-06-15 10:45:46+00:00,3,360606,98799,153085,374865,138268,FalsePositive,1.9,25.8,94.6,3.4,1.9,CLOTURE_FP,0,FalsePositive,FalsePositive,FAIBLE
120183,1771,5,InitialAccess,2024-06-05 11:34:33+00:00,16,360606,98799,153085,90711,138268,FalsePositive,1.8,12.0,49.7,48.5,1.8,CLOTURE_FP,0,FalsePositive,FalsePositive,FAIBLE
128504,561,23,InitialAccess,2024-06-04 11:42:31+00:00,16,360606,98799,153085,106270,138268,FalsePositive,1.8,19.4,63.0,35.2,1.8,CLOTURE_FP,0,FalsePositive,FalsePositive,FAIBLE
461301,24,50,SuspiciousActivity,2024-06-04 17:45:55+00:00,2,360606,98799,153085,10645,138268,BenignPositive,1.8,20.3,5.5,92.7,1.8,CLOTURE_FP,1,BenignPositive,BenignPositive,FAIBLE
327861,1052,1454,InitialAccess,2024-06-09 19:45:01+00:00,2,360606,98799,153085,5814,138268,FalsePositive,1.7,29.9,94.3,4.0,1.7,CLOTURE_FP,0,FalsePositive,FalsePositive,FAIBLE
461592,24,50,SuspiciousActivity,2024-06-04 21:11:27+00:00,3,360606,98799,153085,392851,138268,FalsePositive,1.7,7.2,6.2,92.1,1.7,CLOTURE_FP,0,FalsePositive,BenignPositive,FAIBLE
19493,20,8,InitialAccess,2024-06-07 20:58:45+00:00,25,360606,98799,153085,453297,54199,BenignPositive,1.7,13.9,78.7,19.6,1.7,CLOTURE_FP,1,BenignPositive,FalsePositive,FAIBLE
17439,20,50,SuspiciousActivity,2024-06-08 01:52:24+00:00,60,360606,98799,153085,453297,51741,BenignPositive,1.7,48.6,74.7,23.6,1.7,CLOTURE_FP,1,BenignPositive,FalsePositive,FAIBLE
465745,24,50,SuspiciousActivity,2024-06-07 01:55:33+00:00,3,360606,98799,153085,121517,138268,BenignPositive,1.7,25.0,3.6,94.7,1.7,CLOTURE_FP,1,BenignPositive,BenignPositive,FAIBLE
470863,24,22,InitialAccess,2024-06-11 08:29:24+00:00,3,360606,98799,153085,224247,138268,FalsePositive,1.7,12.0,45.1,53.2,1.7,CLOTURE_FP,0,FalsePositive,BenignPositive,FAIBLE
475083,24,50,SuspiciousActivity,2024-06-15 03:54:36+00:00,3,360606,98799,153085,20738,138268,BenignPositive,1.7,32.9,4.8,93.5,1.7,CLOTURE_FP,1,BenignPositive,BenignPositive,FAIBLE
459528,24,50,SuspiciousActivity,2024-06-03 15:22:28+00:00,3,360606,98799,153085,197517,138268,FalsePositive,1.6,17.3,3.6,94.9,1.6,CLOTURE_FP,0,FalsePositive,BenignPositive,FAIBLE
375788,85,53289,Exfiltration,2024-06-07 04:31:14+00:00,4,115,98799,153085,453297,138268,BenignPositive,1.6,7.6,0.1,98.3,1.6,CLOTURE_FP,1,BenignPositive,BenignPositive,FAIBLE
213239,45,7443,CredentialAccess,2024-06-09 20:57:00+00:00,7,177342,98799,153085,453297,138268,BenignPositive,1.6,11.3,1.2,97.2,1.6,CLOTURE_FP,1,BenignPositive,BenignPositive,FAIBLE
461472,24,50,SuspiciousActivity,2024-06-05 00:04:20+00:00,3,360606,98799,153085,113670,138268,BenignPositive,1.6,23.4,5.5,92.8,1.6,CLOTURE_FP,1,BenignPositive,BenignPositive,FAIBLE
375587,85,16651,Exfiltration,2024-06-06 02:17:20+00:00,4,360606,98799,153085,453297,138268,BenignPositive,1.5,7.6,0.1,98.3,1.5,CLOTURE_FP,1,BenignPositive,BenignPositive,FAIBLE
57152,503,5,InitialAccess,2024-06-10 15:57:45+00:00,20,360606,98799,153085,193258,138268,BenignPositive,1.5,14.4,50.9,47.6,1.5,CLOTURE_FP,1,BenignPositive,FalsePositive,FAIBLE
471197,24,50,SuspiciousActivity,2024-06-11 20:00:03+00:00,3,360606,98799,153085,87848,138268,BenignPositive,1.5,18.8,5.2,93.3,1.5,CLOTURE_FP,1,BenignPositive,BenignPositive,FAIBLE
166484,85,19310,Exfiltration,2024-06-12 05:22:18+00:00,8,240,98799,153085,453297,138268,BenignPositive,1.5,13.1,0.1,98.5,1.5,CLOTURE_FP,1,BenignPositive,BenignPositive,FAIBLE
229803,364,4235,UnwantedSoftware,2024-06-11 07:38:25+00:00,7,360606,98799,153085,453297,138268,BenignPositive,1.5,14.0,1.1,97.4,1.5,CLOTURE_FP,1,BenignPositive,BenignPositive,FAIBLE
86889,145,3584,SuspiciousActivity,2024-06-03 18:32:27+00:00,13,360606,98799,153085,453297,138268,BenignPositive,1.4,11.9,1.0,97.6,1.4,CLOTURE_FP,1,BenignPositive,BenignPositive,FAIBLE
114453,364,532,SuspiciousActivity,2024-06-04 06:57:01+00:00,15,360606,98799,153085,7947,138268,BenignPositive,1.4,16.2,8.6,90.0,1.4,CLOTURE_FP,1,BenignPositive,BenignPositive,FAIBLE
118358,1010,17,InitialAccess,2024-06-03 22:00:35+00:00,7,360606,98799,153085,28247,138268,TruePositive,1.4,19.2,72.3,26.3,1.4,CLOTURE_FP,2,TruePositive,FalsePositive,FAIBLE
475366,24,50,SuspiciousActivity,2024-06-16 01:51:13+00:00,3,360606,98799,153085,365557,138268,BenignPositive,1.4,22.9,5.2,93.4,1.4,CLOTURE_FP,1,BenignPositive,BenignPositive,FAIBLE
19767,2111,9993,Exfiltration,2024-06-05 18:54:02+00:00,56,360606,98799,153085,453297,138268,BenignPositive,1.3,30.7,1.1,97.6,1.3,CLOTURE_FP,1,BenignPositive,BenignPositive,FAIBLE
461172,24,50,SuspiciousActivity,2024-06-04 19:56:53+00:00,3,360606,98799,153085,351978,138268,BenignPositive,1.3,7.0,6.6,92.1,1.3,CLOTURE_FP,1,BenignPositive,BenignPositive,FAIBLE
473743,24,50,SuspiciousActivity,2024-06-13 21:07:05+00:00,3,360606,98799,153085,431390,138268,BenignPositive,1.3,13.2,5.4,93.3,1.3,CLOTURE_FP,1,BenignPositive,BenignPositive,FAIBLE
375307,85,50120,Exfiltration,2024-06-03 13:31:24+00:00,3,27394,98799,153085,453297,138268,BenignPositive,1.3,4.4,0.1,98.6,1.3,CLOTURE_FP,1,BenignPositive,BenignPositive,FAIBLE
440488,299,22,InitialAccess,2024-06-11 06:53:25+00:00,3,360606,98799,153085,239387,138268,BenignPositive,1.3,4.6,29.1,69.5,1.3,CLOTURE_FP,1,BenignPositive,BenignPositive,FAIBLE
269975,590,993,Collection,2024-06-05 09:53:10+00:00,6,360606,98799,153085,453297,1674,FalsePositive,1.3,8.2,60.8,37.9,1.3,CLOTURE_FP,0,FalsePositive,FalsePositive,FAIBLE
472464,24,50,SuspiciousActivity,2024-06-12 13:27:22+00:00,2,360606,98799,153085,422491,138268,BenignPositive,1.3,13.8,5.3,93.4,1.3,CLOTURE_FP,1,BenignPositive,BenignPositive,FAIBLE
235525,102,1792,Execution,2024-06-12 22:42:55+00:00,7,360606,98799,153085,11123,138268,BenignPositive,1.2,25.3,9.4,89.4,1.2,CLOTURE_FP,1,BenignPositive,BenignPositive,FAIBLE
462966,24,17,InitialAccess,2024-06-05 15:06:02+00:00,2,360606,98799,153085,264563,138268,BenignPositive,1.2,3.6,32.7,66.1,1.2,CLOTURE_FP,1,BenignPositive,BenignPositive,FAIBLE
66402,145,1,InitialAccess,2024-06-14 10:40:42+00:00,15,360606,98799,153085,49599,138268,BenignPositive,1.1,12.9,6.8,92.1,1.1,CLOTURE_FP,1,BenignPositive,BenignPositive,FAIBLE
472240,24,50,SuspiciousActivity,2024-06-12 04:56:01+00:00,3,360606,98799,153085,85105,138268,BenignPositive,1.1,21.8,4.3,94.6,1.1,CLOTURE_FP,1,BenignPositive,BenignPositive,FAIBLE
283472,313,2304,Impact,2024-06-07 01:38:24+00:00,1,360606,98799,153085,129396,138268,FalsePositive,1.1,10.0,13.8,85.2,1.1,CLOTURE_FP,0,FalsePositive,BenignPositive,FAIBLE
213514,592,3158,Exfiltration,2024-06-03 12:55:26+00:00,9,360606,98799,153085,453297,138268,BenignPositive,1.1,12.3,0.7,98.2,1.1,CLOTURE_FP,1,BenignPositive,BenignPositive,FAIBLE
475150,24,50,SuspiciousActivity,2024-06-15 15:15:54+00:00,2,360606,98799,153085,87848,138268,BenignPositive,1.0,26.3,3.0,96.0,1.0,CLOTURE_FP,1,BenignPositive,BenignPositive,FAIBLE
108640,508,29994,Exfiltration,2024-06-04 02:16:06+00:00,18,360606,98799,153085,453297,138268,BenignPositive,1.0,9.5,0.9,98.1,1.0,CLOTURE_FP,1,BenignPositive,BenignPositive,FAIBLE
461593,24,50,SuspiciousActivity,2024-06-04 21:23:29+00:00,3,360606,98799,153085,19811,138268,BenignPositive,0.9,6.1,8.5,90.5,0.9,CLOTURE_FP,1,BenignPositive,BenignPositive,FAIBLE
464656,24,50,SuspiciousActivity,2024-06-06 13:47:08+00:00,3,360606,98799,153085,344943,138268,BenignPositive,0.9,6.9,4.3,94.9,0.9,CLOTURE_FP,1,BenignPositive,BenignPositive,FAIBLE
90913,170,0,InitialAccess,2024-06-04 12:25:21+00:00,15,360606,98799,153085,409212,138268,FalsePositive,0.9,22.5,95.6,3.5,0.9,CLOTURE_FP,0,FalsePositive,FalsePositive,FAIBLE
157031,561,92447,Exfiltration,2024-06-04 03:45:45+00:00,12,360606,98799,153085,453297,138268,BenignPositive,0.8,9.7,0.7,98.5,0.8,CLOTURE_FP,1,BenignPositive,BenignPositive,FAIBLE
531880,128,222,Discovery,2024-06-13 22:33:48+00:00,3,360606,98799,178,845,138268,BenignPositive,0.8,25.0,3.4,95.7,0.8,CLOTURE_FP,1,BenignPositive,BenignPositive,FAIBLE
45716,1697,15802,Exfiltration,2024-06-03 21:19:27+00:00,24,360606,98799,153085,453297,138268,BenignPositive,0.8,11.9,1.1,98.0,0.8,CLOTURE_FP,1,BenignPositive,BenignPositive,FAIBLE
20894,585,543,CredentialAccess,2024-06-03 15:35:03+00:00,15,360606,98799,153085,190912,138268,BenignPositive,0.8,23.6,6.9,92.3,0.8,CLOTURE_FP,1,BenignPositive,BenignPositive,FAIBLE
462846,24,50,SuspiciousActivity,2024-06-05 17:30:29+00:00,3,360606,98799,153085,38158,138268,BenignPositive,0.7,11.9,10.5,88.9,0.7,CLOTURE_FP,1,BenignPositive,BenignPositive,FAIBLE
21643,585,519,Exfiltration,2024-06-03 10:26:00+00:00,62,360606,98799,153085,85288,138268,BenignPositive,0.7,38.5,10.8,88.6,0.7,CLOTURE_FP,1,BenignPositive,BenignPositive,FAIBLE
139051,508,5010,Exfiltration,2024-06-04 01:00:39+00:00,4,360606,98799,153085,453297,138268,BenignPositive,0.7,10.9,0.8,98.5,0.7,CLOTURE_FP,1,BenignPositive,BenignPositive,FAIBLE
473755,24,50,SuspiciousActivity,2024-06-13 21:07:09+00:00,3,360606,98799,153085,6263,138268,BenignPositive,0.7,6.7,6.7,92.6,0.7,CLOTURE_FP,1,BenignPositive,BenignPositive,FAIBLE
467216,24,50,SuspiciousActivity,2024-06-08 16:37:28+00:00,3,360606,98799,153085,240008,138268,BenignPositive,0.7,14.9,0.8,98.4,0.7,CLOTURE_FP,1,BenignPositive,BenignPositive,FAIBLE
563729,54,4631,InitialAccess,2024-06-12 17:37:07+00:00,2,360606,98799,153085,48540,138268,BenignPositive,0.6,14.9,3.7,95.7,0.6,CLOTURE_FP,1,BenignPositive,BenignPositive,FAIBLE
6383,886,88,CredentialAccess,2024-06-13 03:48:29+00:00,2,360606,98799,208,255,138268,BenignPositive,0.6,21.8,0.3,99.2,0.6,CLOTURE_FP,1,BenignPositive,BenignPositive,FAIBLE
105244,2008,15,InitialAccess,2024-06-03 19:13:49+00:00,17,360606,98799,153085,143567,138268,FalsePositive,0.6,11.9,98.6,0.8,0.6,CLOTURE_FP,0,FalsePositive,FalsePositive,FAIBLE
140461,2577,372,LateralMovement,2024-06-07 21:34:07+00:00,12,360606,98799,153085,453297,138268,FalsePositive,0.6,10.8,14.6,84.8,0.6,CLOTURE_FP,0,FalsePositive,BenignPositive,FAIBLE
75549,4768,0,InitialAccess,2024-06-07 16:43:58+00:00,10,360606,98799,153085,451690,138268,FalsePositive,0.6,18.3,96.3,3.1,0.6,CLOTURE_FP,0,FalsePositive,FalsePositive,FAIBLE
563688,54,4631,InitialAccess,2024-06-12 19:50:30+00:00,2,360606,98799,153085,27500,138268,BenignPositive,0.6,2.7,1.0,98.4,0.6,CLOTURE_FP,1,BenignPositive,BenignPositive,FAIBLE
355897,170,0,InitialAccess,2024-06-13 00:14:37+00:00,4,360606,98799,153085,429694,138268,FalsePositive,0.5,10.2,98.6,0.9,0.5,CLOTURE_FP,0,FalsePositive,FalsePositive,FAIBLE
466088,24,50,SuspiciousActivity,2024-06-07 18:20:49+00:00,3,360606,98799,153085,378570,138268,BenignPositive,0.4,7.3,5.7,93.9,0.4,CLOTURE_FP,1,BenignPositive,BenignPositive,FAIBLE
74169,2045,19732,InitialAccess,2024-06-05 23:27:05+00:00,14,360606,98799,153085,92778,138268,FalsePositive,0.4,23.3,98.7,0.9,0.4,CLOTURE_FP,0,FalsePositive,FalsePositive,FAIBLE
20151,700,1484,Exfiltration,2024-06-04 22:18:07+00:00,51,360606,98799,153085,32693,138268,FalsePositive,0.4,24.3,99.0,0.6,0.4,CLOTURE_FP,0,FalsePositive,FalsePositive,FAIBLE
54573,1549,633,Execution,2024-05-26 23:29:19+00:00,25,360606,98799,153085,453297,2242,FalsePositive,0.4,47.3,98.3,1.2,0.4,CLOTURE_FP,0,FalsePositive,FalsePositive,FAIBLE
116504,3417,0,InitialAccess,2024-06-05 18:02:26+00:00,4,360606,98799,153085,27242,138268,FalsePositive,0.3,15.8,98.5,1.2,0.3,CLOTURE_FP,0,FalsePositive,FalsePositive,FAIBLE
196190,85,3070,Exfiltration,2024-06-04 00:22:49+00:00,9,360606,98799,153085,453297,3952,BenignPositive,0.3,15.7,0.2,99.6,0.3,CLOTURE_FP,1,BenignPositive,BenignPositive,FAIBLE
34013,1001,2611,Discovery,2024-06-07 00:19:40+00:00,12,360606,98799,153085,50036,138268,BenignPositive,0.3,23.3,1.1,98.6,0.3,CLOTURE_FP,1,BenignPositive,BenignPositive,FAIBLE
318463,85,41346,Exfiltration,2024-06-07 02:33:33+00:00,4,360606,98799,153085,27874,138268,BenignPositive,0.3,18.0,0.2,99.5,0.3,CLOTURE_FP,1,BenignPositive,BenignPositive,FAIBLE
39283,229,98173,Exploit,2024-06-03 07:22:01+00:00,38,360606,4210,7345,453297,25420,BenignPositive,0.3,47.6,1.0,98.7,0.3,CLOTURE_FP,1,BenignPositive,BenignPositive,FAIBLE
46638,432,575,Discovery,2024-06-06 18:17:03+00:00,15,360606,98799,153085,263469,138268,FalsePositive,0.3,43.2,13.7,86.0,0.3,CLOTURE_FP,0,FalsePositive,BenignPositive,FAIBLE
124690,3873,0,InitialAccess,2024-06-06 13:37:41+00:00,4,360606,98799,153085,325263,138268,FalsePositive,0.3,17.3,99.0,0.7,0.3,CLOTURE_FP,0,FalsePositive,FalsePositive,FAIBLE
563147,54,34799,Exfiltration,2024-06-06 17:36:19+00:00,2,360606,98799,153085,443886,138268,BenignPositive,0.2,7.4,0.0,99.8,0.2,CLOTURE_FP,1,BenignPositive,BenignPositive,FAIBLE
375556,85,28090,Exfiltration,2024-06-05 08:01:14+00:00,4,360606,98799,153085,21377,138268,BenignPositive,0.2,12.3,0.1,99.7,0.2,CLOTURE_FP,1,BenignPositive,BenignPositive,FAIBLE
591522,229,1952,Impact,2024-06-06 17:51:34+00:00,1,360606,98799,153085,450346,138268,BenignPositive,0.2,15.1,0.4,99.5,0.2,CLOTURE_FP,1,BenignPositive,BenignPositive,FAIBLE
382403,1178,0,InitialAccess,2024-06-11 09:44:15+00:00,4,360606,98799,153085,385264,138268,FalsePositive,0.2,13.7,99.1,0.6,0.2,CLOTURE_FP,0,FalsePositive,FalsePositive,FAIBLE
453661,423,487,InitialAccess,2024-06-14 16:12:33+00:00,3,360606,98799,153085,39705,138268,BenignPositive,0.2,13.4,0.0,99.8,0.2,CLOTURE_FP,1,BenignPositive,BenignPositive,FAIBLE
563724,54,3987,Exfiltration,2024-06-12 19:26:19+00:00,2,360606,98799,153085,453297,138268,BenignPositive,0.2,5.7,0.1,99.8,0.2,CLOTURE_FP,1,BenignPositive,BenignPositive,FAIBLE
227291,85,28401,Exfiltration,2024-06-04 04:41:11+00:00,6,360606,98799,153085,1447,138268,BenignPositive,0.2,18.5,0.1,99.6,0.2,CLOTURE_FP,1,BenignPositive,BenignPositive,FAIBLE
119699,229,290,SuspiciousActivity,2024-06-15 05:15:32+00:00,11,360606,98799,153085,453297,138268,BenignPositive,0.1,21.3,0.1,99.9,0.1,CLOTURE_FP,1,BenignPositive,BenignPositive,FAIBLE
529479,54,64701,Exfiltration,2024-06-16 04:33:05+00:00,3,360606,98799,153085,453297,138268,BenignPositive,0.1,11.8,0.0,99.9,0.1,CLOTURE_FP,1,BenignPositive,BenignPositive,FAIBLE
529180,54,2899,Exfiltration,2024-06-14 18:03:04+00:00,3,360606,98799,153085,453297,138268,BenignPositive,0.1,5.9,0.0,99.9,0.1,CLOTURE_FP,1,BenignPositive,BenignPositive,FAIBLE
203114,423,487,InitialAccess,2024-06-15 03:19:39+00:00,5,360606,98799,153085,453297,138268,BenignPositive,0.1,15.6,0.1,99.9,0.1,CLOTURE_FP,1,BenignPositive,BenignPositive,FAIBLE
563223,54,102195,Exfiltration,2024-06-06 17:05:47+00:00,2,360606,98799,153085,453297,138268,BenignPositive,0.1,5.2,0.0,99.9,0.1,CLOTURE_FP,1,BenignPositive,BenignPositive,FAIBLE
96490,229,290,SuspiciousActivity,2024-06-14 15:02:27+00:00,16,4308,98799,153085,453297,138268,BenignPositive,0.1,10.4,0.1,99.9,0.1,CLOTURE_FP,1,BenignPositive,BenignPositive,FAIBLE
563018,54,75817,Exfiltration,2024-06-05 05:05:09+00:00,2,360606,98799,153085,453297,138268,BenignPositive,0.1,8.5,0.0,99.9,0.1,CLOTURE_FP,1,BenignPositive,BenignPositive,FAIBLE
517662,85,127,LateralMovement,2024-06-12 18:09:11+00:00,2,360606,32,56,453297,138268,BenignPositive,0.1,42.6,0.1,99.9,0.1,CLOTURE_FP,1,BenignPositive,BenignPositive,FAIBLE
527121,54,59845,Exfiltration,2024-06-03 17:10:28+00:00,3,360606,98799,153085,453297,138268,BenignPositive,0.1,4.7,0.0,99.9,0.1,CLOTURE_FP,1,BenignPositive,BenignPositive,FAIBLE
563867,54,3987,Exfiltration,2024-06-14 03:55:25+00:00,1,360606,98799,153085,117856,138268,BenignPositive,0.1,13.0,0.0,99.8,0.1,CLOTURE_FP,1,BenignPositive,BenignPositive,FAIBLE
563628,54,102927,Exfiltration,2024-06-11 11:13:29+00:00,2,360606,98799,153085,453297,138268,BenignPositive,0.1,4.6,0.0,99.9,0.1,CLOTURE_FP,1,BenignPositive,BenignPositive,FAIBLE
528680,54,93445,Exfiltration,2024-06-12 17:35:42+00:00,3,360606,98799,153085,453297,138268,BenignPositive,0.1,4.1,0.0,99.9,0.1,CLOTURE_FP,1,BenignPositive,BenignPositive,FAIBLE
83020,81,23820,Exfiltration,2024-06-14 19:54:56+00:00,14,360606,98799,153085,453297,138268,BenignPositive,0.1,14.8,0.0,99.9,0.1,CLOTURE_FP,1,BenignPositive,BenignPositive,FAIBLE
141563,622,92722,Exfiltration,2024-06-12 21:42:12+00:00,3,360606,98799,153085,4049,138268,BenignPositive,0.1,12.8,0.3,99.5,0.1,CLOTURE_FP,1,BenignPositive,BenignPositive,FAIBLE
183965,217,542,Discovery,2024-06-10 19:44:31+00:00,6,127301,98799,153085,453297,138268,BenignPositive,0.1,7.7,0.1,99.8,0.1,CLOTURE_FP,1,BenignPositive,BenignPositive,FAIBLE
563694,54,99442,Exfiltration,2024-06-12 14:53:24+00:00,2,360606,98799,153085,453297,138268,BenignPositive,0.1,4.6,0.0,99.9,0.1,CLOTURE_FP,1,BenignPositive,BenignPositive,FAIBLE
97388,54,2809,Exfiltration,2024-06-15 05:02:28+00:00,21,360606,98799,153085,453297,138268,BenignPositive,0.1,16.8,0.0,99.9,0.1,CLOTURE_FP,1,BenignPositive,BenignPositive,FAIBLE
95640,81,31866,Exfiltration,2024-06-14 20:42:56+00:00,14,360606,98799,153085,453297,138268,BenignPositive,0.1,9.8,0.0,99.9,0.1,CLOTURE_FP,1,BenignPositive,BenignPositive,FAIBLE
528529,54,44809,Exfiltration,2024-06-11 20:45:30+00:00,3,360606,98799,153085,453297,138268,BenignPositive,0.1,3.4,0.0,99.9,0.1,CLOTURE_FP,1,BenignPositive,BenignPositive,FAIBLE
65555,379,814,Discovery,2024-06-03 13:42:39+00:00,24,360606,98799,153085,453297,913,BenignPositive,0.1,10.7,91.7,8.2,0.1,CLOTURE_FP,1,BenignPositive,FalsePositive,FAIBLE
527660,54,95179,Exfiltration,2024-06-06 03:12:25+00:00,3,360606,98799,153085,453297,138268,BenignPositive,0.1,7.5,0.0,99.9,0.1,CLOTURE_FP,1,BenignPositive,BenignPositive,FAIBLE
277821,54,2809,Exfiltration,2024-06-15 11:00:01+00:00,6,360606,98799,153085,453297,138268,BenignPositive,0.1,10.2,0.0,99.9,0.1,CLOTURE_FP,1,BenignPositive,BenignPositive,FAIBLE
453624,423,487,InitialAccess,2024-06-14 00:27:50+00:00,3,360606,98799,153085,280671,138268,BenignPositive,0.1,26.2,0.1,99.8,0.1,CLOTURE_FP,1,BenignPositive,BenignPositive,FAIBLE
563160,54,104946,Exfiltration,2024-06-06 14:53:13+00:00,2,360606,98799,153085,237223,138268,BenignPositive,0.1,17.0,0.6,99.2,0.1,CLOTURE_FP,1,BenignPositive,BenignPositive,FAIBLE
121721,151,91,InitialAccess,2024-06-08 22:13:14+00:00,13,360606,98799,153085,453297,138268,BenignPositive,0.1,18.7,0.1,99.8,0.1,CLOTURE_FP,1,BenignPositive,BenignPositive,FAIBLE
326584,54,65074,Exfiltration,2024-06-12 18:26:22+00:00,5,360606,98799,153085,453297,138268,BenignPositive,0.1,5.6,0.0,99.9,0.1,CLOTURE_FP,1,BenignPositive,BenignPositive,FAIBLE
528081,54,61464,Exfiltration,2024-06-08 05:58:05+00:00,3,360606,98799,153085,453297,138268,BenignPositive,0.1,11.6,0.0,99.9,0.1,CLOTURE_FP,1,BenignPositive,BenignPositive,FAIBLE
84364,54,19835,Exfiltration,2024-06-05 02:24:15+00:00,14,360606,98799,153085,453297,138268,BenignPositive,0.1,16.2,0.0,99.9,0.1,CLOTURE_FP,1,BenignPositive,BenignPositive,FAIBLE
120792,54,26575,Exfiltration,2024-06-05 21:20:02+00:00,13,360606,98799,153085,453297,138268,BenignPositive,0.1,11.7,0.0,99.9,0.1,CLOTURE_FP,1,BenignPositive,BenignPositive,FAIBLE
32612,54,5031,Exfiltration,2024-06-13 14:25:52+00:00,17,360606,98799,153085,453297,138268,BenignPositive,0.0,13.6,0.0,99.9,0.0,CLOTURE_FP,1,BenignPositive,BenignPositive,FAIBLE
311642,287,157,SuspiciousActivity,2024-06-14 22:03:46+00:00,5,360606,98799,153085,453297,138268,BenignPositive,0.0,8.7,0.0,100.0,0.0,CLOTURE_FP,1,BenignPositive,BenignPositive,FAIBLE
311566,287,157,SuspiciousActivity,2024-06-15 04:38:15+00:00,3,360606,98799,153085,66004,138268,BenignPositive,0.0,16.3,0.0,100.0,0.0,CLOTURE_FP,1,BenignPositive,BenignPositive,FAIBLE
212848,54,45051,Exfiltration,2024-06-13 11:26:29+00:00,6,360606,98799,153085,453297,138268,BenignPositive,0.0,7.3,0.0,99.9,0.0,CLOTURE_FP,1,BenignPositive,BenignPositive,FAIBLE
517702,85,127,LateralMovement,2024-06-14 00:49:42+00:00,3,360606,32,56,453297,138268,BenignPositive,0.0,46.6,0.0,99.9,0.0,CLOTURE_FP,1,BenignPositive,BenignPositive,FAIBLE
248173,54,62222,Exfiltration,2024-06-08 08:15:26+00:00,6,360606,98799,153085,51486,138268,BenignPositive,0.0,21.0,0.0,100.0,0.0,CLOTURE_FP,1,BenignPositive,BenignPositive,FAIBLE
100591,81,23247,Exfiltration,2024-06-13 14:11:41+00:00,13,360606,98799,153085,453297,138268,BenignPositive,0.0,12.1,0.0,99.9,0.0,CLOTURE_FP,1,BenignPositive,BenignPositive,FAIBLE
381632,54,72455,Exfiltration,2024-06-06 15:29:57+00:00,3,360606,98799,153085,453297,138268,BenignPositive,0.0,4.8,0.0,99.9,0.0,CLOTURE_FP,1,BenignPositive,BenignPositive,FAIBLE
517701,85,127,LateralMovement,2024-06-14 06:43:05+00:00,3,360606,32,56,453297,138268,BenignPositive,0.0,46.2,0.0,99.9,0.0,CLOTURE_FP,1,BenignPositive,BenignPositive,FAIBLE
453765,423,487,InitialAccess,2024-06-15 15:16:10+00:00,3,360606,98799,153085,136678,138268,BenignPositive,0.0,10.3,0.1,99.9,0.0,CLOTURE_FP,1,BenignPositive,BenignPositive,FAIBLE
229958,54,47448,Exfiltration,2024-06-05 19:29:04+00:00,6,360606,98799,153085,453297,138268,BenignPositive,0.0,6.2,0.0,99.9,0.0,CLOTURE_FP,1,BenignPositive,BenignPositive,FAIBLE
212824,54,44252,Exfiltration,2024-06-12 12:06:23+00:00,8,360606,98799,153085,453297,138268,BenignPositive,0.0,7.6,0.0,99.9,0.0,CLOTURE_FP,1,BenignPositive,BenignPositive,FAIBLE
529076,54,88515,Exfiltration,2024-06-14 05:37:25+00:00,3,360606,98799,153085,449724,138268,BenignPositive,0.0,10.8,0.0,99.9,0.0,CLOTURE_FP,1,BenignPositive,BenignPositive,FAIBLE
563081,54,65301,Exfiltration,2024-06-05 16:41:51+00:00,2,360606,98799,153085,89775,138268,BenignPositive,0.0,13.9,0.0,99.9,0.0,CLOTURE_FP,1,BenignPositive,BenignPositive,FAIBLE
190449,81,24996,Exfiltration,2024-06-07 00:45:35+00:00,6,360606,98799,153085,453297,138268,BenignPositive,0.0,9.8,0.0,99.9,0.0,CLOTURE_FP,1,BenignPositive,BenignPositive,FAIBLE
381745,54,39465,Exfiltration,2024-06-08 17:04:24+00:00,4,360606,98799,153085,453297,138268,BenignPositive,0.0,9.3,0.0,99.9,0.0,CLOTURE_FP,1,BenignPositive,BenignPositive,FAIBLE
527841,54,88117,Exfiltration,2024-06-07 00:04:31+00:00,2,360606,98799,153085,122762,138268,BenignPositive,0.0,26.2,0.0,99.9,0.0,CLOTURE_FP,1,BenignPositive,BenignPositive,FAIBLE
190524,81,63804,Exfiltration,2024-06-11 22:43:26+00:00,8,360606,98799,153085,453297,138268,BenignPositive,0.0,9.1,0.0,99.9,0.0,CLOTURE_FP,1,BenignPositive,BenignPositive,FAIBLE
230216,54,47075,Exfiltration,2024-06-14 13:44:16+00:00,5,360606,98799,153085,453297,138268,BenignPositive,0.0,7.0,0.0,100.0,0.0,CLOTURE_FP,1,BenignPositive,BenignPositive,FAIBLE
311212,287,157,SuspiciousActivity,2024-06-11 00:46:25+00:00,5,360606,98799,153085,453297,138268,BenignPositive,0.0,11.7,0.0,100.0,0.0,CLOTURE_FP,1,BenignPositive,BenignPositive,FAIBLE
168569,54,36988,Exfiltration,2024-06-04 11:57:57+00:00,9,360606,98799,153085,453297,138268,BenignPositive,0.0,9.7,0.0,99.9,0.0,CLOTURE_FP,1,BenignPositive,BenignPositive,FAIBLE
517738,85,127,LateralMovement,2024-06-15 12:38:12+00:00,3,360606,32,56,453297,138268,BenignPositive,0.0,46.9,0.0,99.9,0.0,CLOTURE_FP,1,BenignPositive,BenignPositive,FAIBLE
143900,81,42053,Exfiltration,2024-06-12 16:47:59+00:00,9,360606,98799,153085,453297,138268,BenignPositive,0.0,7.8,0.0,99.9,0.0,CLOTURE_FP,1,BenignPositive,BenignPositive,FAIBLE
198562,54,28914,Exfiltration,2024-06-04 10:50:25+00:00,9,360606,98799,153085,453297,138268,BenignPositive,0.0,6.3,0.0,99.9,0.0,CLOTURE_FP,1,BenignPositive,BenignPositive,FAIBLE
529520,54,85586,Exfiltration,2024-06-16 13:37:44+00:00,3,360606,98799,153085,453297,138268,BenignPositive,0.0,10.4,0.0,99.9,0.0,CLOTURE_FP,1,BenignPositive,BenignPositive,FAIBLE
230245,54,50368,Exfiltration,2024-06-14 23:16:17+00:00,7,360606,98799,153085,453297,138268,BenignPositive,0.0,9.1,0.0,100.0,0.0,CLOTURE_FP,1,BenignPositive,BenignPositive,FAIBLE
134155,81,39199,Exfiltration,2024-06-06 17:55:14+00:00,9,360606,98799,153085,453297,138268,BenignPositive,0.0,8.7,0.0,99.9,0.0,CLOTURE_FP,1,BenignPositive,BenignPositive,FAIBLE
310958,287,157,SuspiciousActivity,2024-06-06 09:55:28+00:00,4,360606,98799,153085,453297,138268,BenignPositive,0.0,7.3,0.0,100.0,0.0,CLOTURE_FP,1,BenignPositive,BenignPositive,FAIBLE
128858,151,91,InitialAccess,2024-06-11 22:35:08+00:00,14,360606,98799,153085,36864,138268,BenignPositive,0.0,15.7,0.1,99.9,0.0,CLOTURE_FP,1,BenignPositive,BenignPositive,FAIBLE
264465,81,42604,Exfiltration,2024-06-13 21:01:33+00:00,4,360606,98799,153085,453297,138268,BenignPositive,0.0,7.0,0.0,99.9,0.0,CLOTURE_FP,1,BenignPositive,BenignPositive,FAIBLE
527462,54,11122,Exfiltration,2024-06-05 11:46:27+00:00,3,360606,98799,153085,414449,138268,BenignPositive,0.0,13.3,0.0,100.0,0.0,CLOTURE_FP,1,BenignPositive,BenignPositive,FAIBLE
175608,81,55629,Exfiltration,2024-06-13 19:22:28+00:00,11,360606,98799,153085,453297,138268,BenignPositive,0.0,9.4,0.0,99.9,0.0,CLOTURE_FP,1,BenignPositive,BenignPositive,FAIBLE
251202,151,91,InitialAccess,2024-06-09 18:14:32+00:00,6,360606,98799,153085,10034,138268,BenignPositive,0.0,21.3,0.1,99.9,0.0,CLOTURE_FP,1,BenignPositive,BenignPositive,FAIBLE
190558,81,62673,Exfiltration,2024-06-11 18:26:44+00:00,6,360606,98799,153085,453297,138268,BenignPositive,0.0,6.9,0.0,99.9,0.0,CLOTURE_FP,1,BenignPositive,BenignPositive,FAIBLE
212778,54,90251,Exfiltration,2024-06-08 05:36:25+00:00,8,360606,98799,153085,453297,138268,BenignPositive,0.0,15.1,0.0,99.9,0.0,CLOTURE_FP,1,BenignPositive,BenignPositive,FAIBLE
