sha256,sandbox_verdict,malware_score,network_connections,dropped_files,registry_modifications,process_injections,c2_beaconing,evasion_detected,persistence_mechanism,lateral_movement_attempt,privilege_escalation,dns_requests_count,analysis_duration_s
138268,Clean,11,0,0,0,0,0,0,0,0,0,4,186
1092,Malicious,78,17,2,3,0,0,0,0,1,0,489,282
2107,Suspicious,24,25,0,4,0,0,0,0,0,0,69,211
12305,Malicious,51,24,4,3,1,1,0,0,0,0,13,191
28659,Suspicious,21,27,0,6,0,0,0,0,0,0,16,78
32389,Malicious,58,19,4,14,0,0,1,1,0,1,261,164
25,Suspicious,30,12,0,4,0,0,0,0,0,0,72,223
2,Clean,3,1,0,0,0,0,0,0,1,0,15,173
9359,Clean,14,0,0,0,0,0,0,0,0,0,14,87
79047,Clean,14,1,0,0,0,0,0,0,0,0,11,195
13729,Clean,19,2,0,0,0,0,0,0,0,0,11,111
1881,Suspicious,28,12,0,13,0,0,0,0,0,0,69,130
104049,Clean,20,1,0,0,0,0,0,0,0,0,8,160
10,Clean,12,2,0,0,0,0,0,1,0,0,16,170
25681,Clean,1,1,0,0,0,0,0,0,0,0,9,99
885,Clean,3,1,0,0,0,0,0,0,0,0,7,88
174,Suspicious,27,29,0,4,0,0,0,0,0,0,62,246
1162,Clean,13,2,0,0,0,0,0,0,0,0,8,90
26741,Suspicious,29,16,0,12,0,0,0,0,0,0,39,64
28950,Malicious,43,7,4,9,1,1,0,1,0,0,391,80
229,Suspicious,38,19,0,12,0,0,0,0,0,0,18,100
36208,Malicious,64,5,1,14,1,0,0,1,1,0,182,75
38266,Clean,0,1,0,0,0,0,0,0,0,0,1,173
4206,Malicious,59,5,2,12,0,1,1,1,0,0,178,132
0,Suspicious,31,23,0,11,0,0,0,0,0,0,46,285
1500,Suspicious,32,8,0,8,0,0,0,0,0,1,62,191
102093,Clean,1,1,0,0,0,0,0,0,0,0,7,129
111132,Malicious,84,6,2,7,0,0,0,1,0,1,289,81
130431,Malicious,95,5,4,5,1,1,0,0,0,1,386,218
3242,Malicious,72,8,1,12,1,1,0,1,0,1,64,148
1210,Suspicious,21,13,0,14,0,0,0,0,0,0,49,179
713,Clean,11,0,0,0,0,0,0,1,0,0,10,222
37105,Suspicious,40,9,0,13,0,0,0,0,0,0,36,252
97990,Suspicious,27,28,0,2,0,0,0,0,0,0,47,155
92,Suspicious,32,12,0,14,0,0,0,0,0,0,44,281
617,Suspicious,34,8,0,11,0,0,1,0,0,0,59,160
12789,Suspicious,28,16,0,9,0,0,0,0,0,0,37,248
91,Clean,0,0,0,0,0,0,1,0,0,0,9,140
191,Suspicious,29,7,0,6,0,0,0,0,0,0,44,282
7,Malicious,66,11,2,14,0,1,0,0,0,1,241,239
657,Malicious,97,12,5,3,0,1,1,1,1,0,193,97
22,Malicious,48,9,1,12,0,0,0,0,1,0,5,72
1496,Clean,16,2,0,0,0,0,0,0,0,0,15,188
61,Clean,15,2,0,0,0,0,0,0,0,0,0,159
6025,Suspicious,21,25,0,2,0,0,1,0,0,0,11,72
1315,Malicious,73,29,2,12,0,0,0,1,0,0,157,207
13,Malicious,54,25,3,11,0,1,1,1,0,0,400,152
416,Suspicious,21,14,0,8,0,0,0,0,0,0,30,147
4726,Suspicious,32,28,0,10,0,0,0,0,0,0,64,279
130540,Malicious,66,21,2,12,0,0,0,1,0,0,270,77
949,Malicious,41,27,1,14,1,0,0,1,0,0,179,207
5,Malicious,59,25,3,9,0,0,1,0,1,0,126,283
63,Suspicious,26,9,0,3,0,0,0,0,0,0,75,91
38328,Malicious,55,28,4,8,0,0,0,0,0,0,11,178
4116,Malicious,70,15,5,11,0,1,1,1,1,0,377,237
139,Clean,0,0,0,0,0,0,0,0,0,0,17,97
21,Suspicious,30,23,0,3,0,0,0,0,0,0,14,192
13844,Suspicious,25,29,0,1,0,0,0,0,0,0,53,232
48144,Suspicious,26,8,0,7,0,0,0,0,0,0,14,201
10101,Clean,17,0,0,0,0,0,0,1,0,0,8,292
12234,Suspicious,38,18,0,2,0,0,0,0,0,0,39,153
24801,Clean,18,1,0,0,0,0,0,0,0,0,19,299
167,Clean,13,0,0,0,0,0,0,0,0,0,17,119
3,Clean,13,0,0,0,0,0,0,0,0,0,4,217
62311,Suspicious,29,25,0,14,0,0,1,1,0,0,78,117
97274,Clean,6,2,0,0,0,0,0,1,0,0,2,263
4580,Clean,0,2,0,0,0,0,0,0,0,0,13,181
72969,Malicious,52,23,1,3,1,0,0,0,0,1,415,185
1673,Clean,16,0,0,0,0,0,0,1,0,1,19,272
18891,Malicious,79,29,3,7,0,0,0,1,1,1,219,269
460,Suspicious,32,18,0,10,0,0,0,0,0,0,47,121
22618,Clean,5,2,0,0,0,0,0,0,0,0,12,173
20,Clean,9,1,0,0,0,0,0,0,0,0,12,248
231,Clean,9,2,0,0,0,0,0,0,0,0,12,201
24629,Clean,11,0,0,0,0,0,0,0,0,0,2,82
44265,Suspicious,32,20,0,5,0,0,0,0,0,0,47,119
468,Clean,18,2,0,0,0,0,0,0,0,0,15,183
2574,Suspicious,37,18,0,4,0,0,0,0,0,0,60,251
10264,Malicious,89,6,5,12,1,1,1,0,0,1,75,195
1038,Clean,11,1,0,0,0,0,0,0,0,1,6,258
20388,Clean,0,0,0,0,0,0,0,0,0,0,13,181
237,Malicious,44,24,4,3,1,0,0,0,0,0,7,229
102521,Malicious,42,9,3,12,0,1,1,0,0,0,14,108
74,Clean,15,0,0,0,0,0,0,0,0,0,16,79
299,Suspicious,24,9,0,4,0,0,0,0,0,0,27,277
249,Clean,15,1,0,0,0,0,1,0,0,0,19,233
228,Suspicious,27,18,0,10,0,0,0,0,0,0,41,157
236,Suspicious,32,27,0,5,0,0,0,1,0,0,55,283
12231,Clean,8,1,0,0,0,0,0,0,0,0,16,278
243,Suspicious,26,18,0,8,0,0,0,0,0,0,68,85
16,Malicious,48,13,2,3,1,0,1,0,0,1,53,225
3729,Clean,13,0,0,0,0,0,0,0,1,0,8,228
7159,Suspicious,25,24,0,10,0,0,0,0,0,0,78,276
1578,Suspicious,34,7,0,8,0,0,0,0,0,0,10,235
7227,Clean,15,2,0,0,0,0,0,0,0,0,2,96
10499,Suspicious,22,12,0,1,0,0,0,0,0,0,26,181
359,Suspicious,30,11,0,6,0,0,0,0,0,0,63,77
533,Suspicious,31,16,0,12,0,0,0,0,0,0,64,117
1576,Malicious,51,24,4,10,0,0,1,1,1,0,66,245
11,Suspicious,28,26,0,7,0,0,0,1,0,0,22,61
21289,Clean,10,2,0,0,0,0,0,0,0,0,13,206
9218,Malicious,44,27,2,10,1,1,0,0,0,0,13,201
2869,Clean,8,2,0,0,0,0,0,0,0,0,8,161
284,Malicious,75,7,3,3,0,1,0,0,0,0,16,299
49,Suspicious,38,14,0,2,0,0,0,0,0,0,12,76
2508,Clean,12,1,0,0,0,0,0,1,0,0,17,167
1508,Malicious,42,13,5,6,1,0,0,0,0,0,8,116
224,Suspicious,24,12,0,12,0,0,0,0,0,0,6,117
946,Malicious,83,19,2,12,0,1,1,1,0,1,77,266
375,Suspicious,21,11,0,12,0,0,0,0,0,0,40,172
6635,Malicious,59,24,3,14,1,0,0,0,0,0,3,163
7699,Clean,11,1,0,0,0,0,0,0,0,0,19,123
1963,Suspicious,22,24,0,1,0,0,0,1,0,0,43,275
114643,Clean,6,0,0,0,0,0,0,0,0,0,13,60
8847,Clean,1,1,0,0,0,0,0,0,1,0,5,67
801,Clean,18,0,0,0,0,0,0,0,0,0,6,137
3927,Suspicious,28,13,0,4,0,0,0,0,0,0,60,283
136,Malicious,59,6,2,2,0,1,1,0,0,0,12,283
51741,Clean,0,0,0,0,0,0,1,0,0,0,3,196
22489,Clean,19,1,0,0,0,0,0,0,1,0,10,169
75363,Malicious,52,18,3,14,0,1,0,0,1,0,123,204
31051,Malicious,70,10,3,6,1,1,0,1,0,0,183,266
204,Clean,10,2,0,0,0,0,0,1,0,0,0,229
666,Suspicious,21,8,0,11,0,0,0,0,0,0,22,94
5771,Suspicious,22,5,0,13,0,0,0,0,0,0,24,63
5060,Clean,10,2,0,0,0,0,0,0,0,0,1,159
87469,Malicious,78,8,2,5,0,1,0,0,0,0,10,219
15109,Clean,6,1,0,0,0,0,0,0,0,0,12,104
112255,Clean,17,0,0,0,0,0,0,0,0,0,11,242
403,Clean,11,2,0,0,0,0,0,0,0,1,0,146
111461,Clean,15,0,0,0,0,0,0,0,0,0,10,223
54199,Clean,0,2,0,0,0,0,0,0,0,0,18,296
39771,Malicious,71,21,2,6,0,0,1,1,0,0,460,184
24,Malicious,93,26,5,12,1,1,0,1,1,0,364,163
3258,Suspicious,22,28,0,13,0,0,1,0,0,0,60,210
104,Malicious,47,5,4,9,1,1,0,0,0,0,7,284
32,Malicious,44,22,1,5,0,1,0,0,0,0,6,107
2720,Clean,14,2,0,0,0,0,0,0,0,0,1,104
809,Suspicious,30,17,0,2,0,0,0,0,0,1,5,290
2147,Malicious,67,12,2,11,0,0,0,1,1,1,110,85
1,Suspicious,30,28,0,5,0,0,0,0,0,0,78,113
49932,Clean,19,1,0,0,0,0,0,0,0,0,11,99
30775,Malicious,72,23,4,5,1,1,1,1,0,0,285,86
95269,Suspicious,26,10,0,13,0,0,0,0,0,0,62,234
1739,Suspicious,31,6,0,7,0,0,0,0,0,0,12,104
94959,Clean,4,1,0,0,0,0,0,0,0,0,4,187
18089,Malicious,80,27,1,11,0,1,1,1,1,0,83,168
31450,Suspicious,32,9,0,14,0,0,0,0,0,0,44,81
55,Malicious,53,9,2,13,1,0,0,1,0,1,266,67
36863,Malicious,80,18,4,3,0,0,1,0,0,0,287,256
3621,Clean,0,1,0,0,0,0,0,0,0,0,14,72
811,Malicious,79,24,5,3,0,1,1,0,0,0,336,128
11355,Malicious,81,14,3,12,1,0,1,0,1,1,337,90
470,Malicious,46,16,2,10,0,1,0,0,0,0,14,207
1429,Suspicious,35,19,0,1,0,0,0,0,0,0,76,297
1705,Clean,5,2,0,0,0,0,0,0,0,0,8,218
3714,Suspicious,40,15,0,13,0,0,1,0,0,0,34,194
3724,Malicious,88,21,3,5,1,1,0,1,0,0,135,122
5098,Clean,12,0,0,0,0,0,0,0,0,0,2,64
40,Clean,9,0,0,0,0,0,0,0,0,0,15,279
5633,Clean,8,0,0,0,0,0,0,0,0,0,13,221
272,Clean,18,2,0,0,0,0,0,0,0,0,15,199
10922,Clean,13,1,0,0,0,0,0,0,0,0,12,155
1065,Malicious,45,20,2,7,0,0,0,1,0,0,19,138
54,Clean,12,2,0,0,0,0,0,0,0,0,6,118
1062,Suspicious,27,23,0,14,0,0,0,0,0,0,6,243
77456,Suspicious,28,21,0,9,0,0,0,0,0,0,50,129
119,Malicious,42,25,2,13,1,1,0,0,0,0,13,69
47850,Malicious,51,20,1,2,0,1,0,0,1,0,201,153
26,Suspicious,33,29,0,9,0,0,0,0,0,0,26,76
9843,Clean,0,1,0,0,0,0,0,0,0,0,4,168
1636,Clean,8,0,0,0,0,0,0,0,0,0,2,180
16552,Clean,3,1,0,0,0,0,0,0,0,0,0,85
14671,Clean,6,0,0,0,0,0,0,0,0,0,1,161
124734,Malicious,84,25,5,12,1,1,1,0,0,0,356,116
1088,Clean,10,1,0,0,0,0,0,0,0,0,14,270
1396,Suspicious,40,6,0,4,0,0,0,0,0,0,43,60
1347,Suspicious,27,25,0,5,0,0,0,0,0,0,61,100
6257,Suspicious,27,25,0,1,0,0,0,0,0,0,39,82
19,Suspicious,32,17,0,8,0,0,0,0,0,0,20,240
66603,Clean,12,2,0,0,0,0,0,0,0,0,12,290
54576,Suspicious,27,6,0,6,0,0,0,0,0,0,13,227
7345,Clean,12,0,0,0,0,0,0,0,0,0,19,270
2291,Suspicious,31,21,0,14,0,0,0,0,0,0,40,129
63473,Malicious,67,22,3,1,1,0,0,1,0,0,216,149
35,Suspicious,38,13,0,8,0,0,0,0,0,0,41,97
17753,Clean,20,1,0,0,0,0,0,0,0,0,7,222
310,Malicious,58,21,4,3,0,1,0,1,0,0,15,259
4864,Suspicious,40,16,0,3,0,0,0,1,0,0,40,132
21444,Suspicious,25,18,0,3,0,0,0,0,0,0,55,78
3176,Clean,15,1,0,0,0,0,0,0,0,0,2,145
82,Malicious,78,28,4,2,1,1,1,0,1,0,64,170
2663,Clean,17,2,0,0,0,0,0,0,0,0,12,186
124220,Suspicious,34,28,0,2,0,0,0,1,0,0,40,198
156,Clean,14,1,0,0,0,0,0,0,0,0,10,129
46482,Clean,15,1,0,0,0,0,0,0,0,0,19,137
15365,Clean,10,1,0,0,0,0,0,0,0,0,11,220
7736,Malicious,44,23,2,11,1,1,0,0,0,0,8,139
135634,Clean,4,1,0,0,0,0,0,0,0,0,19,76
106351,Malicious,65,26,2,11,0,1,1,1,0,1,220,195
7523,Clean,5,0,0,0,0,0,0,0,0,0,19,217
110,Clean,7,1,0,0,0,0,0,0,0,1,18,69
4177,Suspicious,22,26,0,4,0,0,0,0,1,0,16,179
148,Clean,12,2,0,0,0,0,0,1,0,0,17,297
38784,Suspicious,30,8,0,7,0,0,0,0,0,0,32,111
74452,Suspicious,37,28,0,9,0,0,0,0,0,0,45,290
2489,Clean,0,0,0,0,0,0,0,0,0,0,17,195
59851,Suspicious,32,15,0,2,0,0,0,0,0,0,14,88
26080,Clean,20,2,0,0,0,0,0,0,0,0,14,75
941,Malicious,86,20,4,2,0,1,0,1,0,1,60,150
24477,Malicious,58,9,3,5,1,0,0,0,0,0,11,107
20490,Malicious,62,29,5,13,1,1,0,0,1,0,232,212
643,Suspicious,38,6,0,3,0,0,1,0,0,0,54,229
36983,Malicious,50,25,5,2,1,0,1,0,1,0,392,284
86006,Malicious,42,24,3,14,0,1,0,0,0,0,3,75
15,Clean,10,2,0,0,0,0,0,0,0,0,13,90
2350,Suspicious,24,20,0,2,0,0,0,0,0,0,58,281
125450,Malicious,49,15,4,11,1,1,0,0,0,0,15,175
52541,Malicious,77,24,4,7,0,0,0,0,0,0,11,80
10870,Suspicious,37,14,0,8,0,0,1,1,0,1,7,219
3698,Malicious,72,28,1,3,0,0,0,1,1,1,471,106
740,Clean,0,1,0,0,0,0,0,0,0,0,17,216
41,Clean,10,1,0,0,0,0,0,0,0,0,17,165
4,Suspicious,32,9,0,9,0,0,0,0,0,0,36,136
7970,Malicious,56,23,5,3,0,1,0,0,0,1,395,257
182,Suspicious,28,11,0,14,0,0,0,0,0,0,13,83
30770,Clean,14,0,0,0,0,0,0,0,0,0,9,114
39078,Clean,20,2,0,0,0,0,0,1,0,0,9,127
89150,Malicious,51,27,3,7,0,0,1,0,0,0,264,213
95640,Clean,1,1,0,0,0,0,0,0,0,0,14,203
262,Malicious,56,18,2,9,1,1,0,0,0,0,8,238
1085,Clean,18,0,0,0,0,0,0,0,0,0,11,83
121291,Suspicious,26,9,0,13,0,0,0,0,0,0,76,234
11414,Clean,12,2,0,0,0,0,0,0,0,0,15,95
1717,Clean,2,2,0,0,0,0,0,0,0,0,16,95
23,Suspicious,22,10,0,7,0,0,0,0,0,0,10,165
45,Clean,0,1,0,0,0,0,0,0,0,0,16,154
26344,Suspicious,21,8,0,1,0,0,0,0,0,0,32,165
39485,Malicious,84,28,2,7,0,0,1,1,1,0,76,209
171,Malicious,72,13,3,11,1,1,0,0,0,0,19,79
23917,Malicious,79,25,5,2,1,0,0,1,0,0,339,76
31617,Malicious,77,8,3,11,0,0,0,0,0,1,431,124
7066,Clean,0,0,0,0,0,0,0,0,0,0,4,239
16386,Malicious,77,21,1,11,0,1,0,1,0,0,76,102
4028,Suspicious,22,10,0,14,0,0,0,0,0,0,36,126
64074,Malicious,46,11,4,11,0,1,0,1,0,0,364,237
8941,Clean,7,2,0,0,0,0,0,1,0,0,16,69
59,Clean,20,1,0,0,0,0,0,0,0,0,2,141
25420,Clean,13,1,0,0,0,0,0,0,0,0,14,175
37467,Clean,0,1,0,0,0,0,0,0,0,0,3,216
23944,Malicious,83,29,1,6,1,1,0,1,0,0,231,172
5669,Clean,8,2,0,0,0,0,0,0,0,0,10,212
122531,Clean,18,1,0,0,0,0,0,0,0,0,5,156
1372,Clean,1,0,0,0,0,0,0,0,0,0,1,248
137002,Malicious,66,11,5,2,1,0,0,1,0,0,337,114
38,Suspicious,32,24,0,3,0,0,0,0,0,0,14,285
2659,Malicious,61,23,1,12,0,1,0,1,0,0,493,161
781,Malicious,56,26,2,12,0,1,1,1,0,0,103,248
415,Malicious,68,24,3,14,0,0,0,0,0,0,6,97
43221,Malicious,78,10,1,9,0,1,1,0,0,0,492,158
82341,Clean,4,0,0,0,0,0,0,0,0,0,15,119
2692,Clean,19,2,0,0,0,0,0,0,0,0,15,65
66149,Malicious,88,6,3,5,0,1,1,0,0,0,263,261
288,Clean,5,1,0,0,0,0,0,1,0,0,7,267
52565,Suspicious,31,24,0,12,0,0,0,0,0,0,35,118
159,Clean,11,1,0,0,0,0,0,0,0,0,2,149
3944,Suspicious,26,12,0,3,0,0,0,0,0,0,60,64
59030,Malicious,92,11,5,3,0,1,0,1,0,1,449,276
40820,Clean,0,0,0,0,0,0,0,0,0,0,7,74
12461,Malicious,42,7,4,1,0,0,0,0,0,0,19,211
137248,Suspicious,39,16,0,1,0,0,0,0,0,0,17,100
33,Suspicious,36,26,0,10,0,0,0,0,0,0,64,139
39532,Clean,0,0,0,0,0,0,0,0,0,0,4,240
528,Clean,11,0,0,0,0,0,0,0,0,0,4,129
6086,Suspicious,33,8,0,5,0,0,0,0,0,0,74,226
60328,Suspicious,29,15,0,7,0,0,0,0,0,0,8,80
6097,Malicious,86,25,3,8,0,1,1,1,0,1,430,189
7988,Clean,9,1,0,0,0,0,0,0,0,0,9,204
99940,Clean,2,2,0,0,0,0,0,0,0,0,10,140
33831,Suspicious,33,15,0,4,0,0,0,0,0,0,42,94
2793,Malicious,72,22,1,4,1,0,1,1,0,0,92,196
350,Suspicious,40,15,0,5,0,0,0,0,0,0,28,242
46317,Malicious,42,26,2,14,1,1,1,0,0,0,271,143
78449,Malicious,61,7,3,5,0,0,1,1,0,0,162,213
44421,Clean,1,1,0,0,0,0,0,0,0,0,18,117
6993,Suspicious,29,5,0,5,0,0,0,0,0,0,78,212
18994,Malicious,71,21,4,12,1,1,0,1,0,0,296,140
74789,Clean,12,2,0,0,0,0,0,0,0,0,2,296
77236,Suspicious,32,27,0,4,0,0,1,0,0,0,46,224
37,Clean,8,0,0,0,0,0,0,0,1,0,1,97
62,Suspicious,32,25,0,9,0,0,0,0,0,0,38,274
177,Suspicious,38,8,0,13,0,0,1,0,0,0,56,108
133,Clean,8,1,0,0,0,0,0,0,0,0,17,194
56,Suspicious,21,7,0,5,0,0,0,0,0,1,27,175
14,Clean,13,1,0,0,0,0,1,0,0,0,14,246
50441,Suspicious,28,20,0,10,0,0,0,0,0,0,51,118
13702,Malicious,74,9,1,12,0,1,1,1,0,0,87,206
103,Malicious,42,26,4,11,0,0,1,0,0,1,18,292
44416,Malicious,60,20,3,6,0,1,0,1,0,0,472,219
559,Malicious,62,23,3,8,0,0,1,0,0,0,382,134
570,Clean,13,2,0,0,0,0,0,0,0,0,11,185
498,Malicious,41,24,2,9,0,1,0,0,0,0,14,208
37564,Malicious,74,21,5,5,1,1,0,0,1,1,351,241
132223,Malicious,52,12,5,1,0,0,1,1,0,0,389,167
137,Suspicious,36,8,0,3,0,0,1,0,0,1,25,225
68164,Malicious,77,15,3,8,1,1,1,1,1,0,360,224
44630,Suspicious,31,16,0,4,0,0,0,0,0,1,51,140
51477,Malicious,63,10,3,3,0,1,0,0,0,0,9,65
12988,Clean,8,0,0,0,0,0,0,0,0,0,6,295
476,Suspicious,35,11,0,14,0,0,0,0,0,0,50,295
17973,Clean,17,2,0,0,0,0,1,0,0,0,19,140
105,Suspicious,24,13,0,1,0,0,0,1,0,0,43,175
219,Malicious,50,28,5,4,0,1,0,0,0,0,14,191
103798,Clean,14,2,0,0,0,0,0,0,0,0,8,181
124,Suspicious,29,14,0,5,0,0,0,0,0,0,69,187
124570,Clean,0,1,0,0,0,0,0,0,0,0,8,195
3734,Suspicious,25,17,0,5,0,0,0,0,0,0,20,156
7611,Clean,12,0,0,0,0,0,0,0,0,0,6,197
921,Suspicious,40,17,0,8,0,0,0,0,0,1,47,89
459,Clean,0,2,0,0,0,0,0,0,0,0,18,114
165,Suspicious,24,18,0,3,0,0,0,0,0,0,50,86
54813,Malicious,60,6,5,9,1,1,0,1,0,1,283,123
11398,Suspicious,24,9,0,13,0,0,0,0,0,0,25,150
38506,Clean,0,0,0,0,0,0,0,0,0,0,12,114
6851,Malicious,75,24,3,14,0,0,0,0,0,0,140,135
1321,Malicious,56,25,4,5,0,1,0,0,0,0,371,282
107577,Malicious,84,21,4,11,0,0,0,1,0,1,497,251
1630,Suspicious,29,16,0,7,0,0,0,0,0,0,54,123
23506,Suspicious,28,27,0,13,0,0,0,0,0,0,69,162
8441,Suspicious,31,17,0,1,0,0,0,0,0,0,33,96
2242,Clean,1,0,0,0,0,0,0,0,0,0,19,220
41982,Malicious,78,28,3,8,0,1,0,0,0,1,486,100
17594,Malicious,70,23,2,1,0,0,0,0,0,0,7,62
6755,Suspicious,25,14,0,14,0,0,0,0,0,0,10,122
903,Suspicious,21,17,0,7,0,0,1,1,0,0,72,173
8870,Clean,16,0,0,0,0,0,0,0,0,0,3,175
147,Suspicious,23,28,0,5,0,0,0,0,0,0,54,135
73707,Clean,7,2,0,0,0,0,0,0,0,0,11,266
61141,Clean,13,0,0,0,0,0,0,1,0,0,5,141
5472,Malicious,42,26,3,2,1,1,0,0,0,0,8,268
30588,Suspicious,37,21,0,6,0,0,0,1,0,0,45,105
410,Suspicious,21,22,0,8,0,0,0,0,0,0,19,299
3791,Clean,11,0,0,0,0,0,0,0,0,0,15,278
118718,Clean,4,2,0,0,0,0,0,0,0,0,10,252
6106,Suspicious,38,5,0,8,0,0,0,0,0,0,39,79
78089,Malicious,60,19,5,8,1,1,0,0,0,0,375,268
1180,Clean,0,0,0,0,0,0,0,0,0,0,0,275
20296,Suspicious,36,22,0,11,0,0,0,0,0,0,30,79
2262,Suspicious,32,10,0,5,0,0,0,0,0,0,19,205
76529,Clean,14,2,0,0,0,0,0,0,0,1,5,235
16978,Suspicious,21,15,0,2,0,0,0,0,0,0,70,137
15705,Clean,17,2,0,0,0,0,0,0,0,0,12,258
136581,Malicious,91,11,1,2,1,0,1,1,0,1,85,243
8243,Clean,11,0,0,0,0,0,1,1,0,0,5,155
52850,Clean,0,2,0,0,0,0,0,0,0,0,19,199
62190,Suspicious,31,22,0,3,0,0,0,0,0,0,12,268
28254,Malicious,79,6,3,11,1,0,1,1,1,1,363,60
834,Suspicious,28,27,0,1,0,0,0,0,0,1,9,190
105711,Suspicious,30,27,0,7,0,0,0,0,0,0,69,66
41693,Suspicious,23,12,0,7,0,0,0,0,0,0,42,83
9492,Suspicious,31,6,0,6,0,0,0,0,0,0,71,143
39723,Malicious,43,26,2,1,0,0,0,1,1,1,284,95
17,Suspicious,30,8,0,8,0,0,0,0,0,0,37,62
32504,Suspicious,33,23,0,2,0,0,1,0,0,1,30,77
55420,Clean,20,1,0,0,0,0,0,0,0,1,6,107
35197,Suspicious,30,20,0,9,0,0,0,0,0,0,79,113
645,Suspicious,32,18,0,8,0,0,0,0,0,0,64,239
1320,Malicious,84,17,3,3,1,1,1,0,0,0,183,188
12,Suspicious,32,8,0,2,0,0,0,0,0,0,62,107
1635,Malicious,52,6,1,10,0,0,0,0,0,0,2,74
1882,Clean,1,0,0,0,0,0,0,0,0,0,16,289
188,Clean,19,2,0,0,0,0,0,0,0,0,7,179
48284,Suspicious,35,6,0,1,0,0,0,0,0,0,17,175
26110,Suspicious,30,9,0,9,0,0,0,0,0,0,35,128
132830,Malicious,87,7,2,12,0,0,0,1,0,1,405,186
59137,Suspicious,37,25,0,6,0,0,1,1,1,0,72,202
913,Clean,0,2,0,0,0,0,0,0,0,0,0,148
611,Clean,16,0,0,0,0,0,0,1,0,0,10,149
4483,Suspicious,35,13,0,1,0,0,0,0,0,0,21,255
1354,Clean,16,1,0,0,0,0,0,0,0,0,18,276
43,Clean,20,1,0,0,0,0,0,1,0,0,19,185
66212,Malicious,64,5,4,10,0,0,0,0,0,0,3,231
12498,Malicious,44,24,4,13,1,1,0,0,0,0,5,171
31316,Suspicious,29,10,0,13,0,0,0,0,0,0,6,191
203,Malicious,56,20,2,13,1,0,1,1,0,1,397,71
63823,Suspicious,37,17,0,10,0,0,0,0,0,0,72,186
41846,Suspicious,37,13,0,1,0,0,0,0,0,0,6,253
93716,Suspicious,36,8,0,8,0,0,0,0,0,0,43,272
36637,Clean,17,1,0,0,0,0,0,0,0,0,7,190
4630,Suspicious,27,22,0,14,0,0,0,0,0,0,46,66
436,Suspicious,29,21,0,2,0,0,0,0,0,0,51,239
57074,Suspicious,34,7,0,7,0,0,0,0,0,1,59,217
18,Malicious,84,25,2,8,0,0,0,1,0,0,264,252
163,Malicious,78,13,1,11,1,1,1,0,1,0,436,106
44,Clean,5,2,0,0,0,0,0,0,0,0,17,212
4279,Suspicious,34,17,0,2,0,0,0,0,0,0,71,148
27307,Clean,8,1,0,0,0,0,0,0,0,0,8,169
3808,Clean,13,0,0,0,0,0,0,1,0,0,16,248
4837,Suspicious,28,12,0,11,0,0,0,0,0,0,54,80
1311,Suspicious,28,27,0,13,0,0,0,0,0,0,25,144
20410,Malicious,41,8,3,10,1,1,0,0,0,0,17,194
6,Suspicious,29,20,0,10,0,0,0,0,0,0,45,185
3818,Suspicious,21,9,0,10,0,0,0,0,0,0,33,231
90373,Clean,8,2,0,0,0,0,0,0,0,0,16,141
2618,Clean,17,0,0,0,0,0,0,0,0,0,14,160
37739,Clean,5,1,0,0,0,0,0,0,0,0,4,158
2447,Clean,19,2,0,0,0,0,0,0,0,0,11,154
849,Clean,14,0,0,0,0,0,0,0,0,0,12,237
126356,Clean,10,1,0,0,0,0,0,0,0,0,11,173
5702,Malicious,68,23,1,5,0,0,0,1,0,0,362,125
5275,Suspicious,21,23,0,10,0,0,0,0,0,0,16,100
3870,Suspicious,26,10,0,14,0,0,0,0,0,0,24,179
49731,Malicious,45,28,5,12,0,1,1,0,1,1,443,225
4386,Malicious,72,10,2,3,0,0,0,0,0,0,189,77
78242,Malicious,58,13,3,8,1,1,1,1,0,1,161,297
39,Malicious,42,9,2,11,0,1,0,0,0,0,242,98
9854,Clean,0,0,0,0,0,0,0,1,0,0,7,140
7541,Suspicious,27,22,0,2,0,0,0,0,0,0,24,198
79,Malicious,49,14,3,11,1,1,0,0,0,0,17,244
10751,Malicious,42,7,1,8,0,0,1,0,0,0,9,271
54497,Suspicious,28,27,0,9,0,0,0,0,0,0,61,84
51449,Clean,0,2,0,0,0,0,0,0,0,0,1,73
81905,Malicious,69,8,1,4,1,0,0,1,0,0,428,240
66844,Malicious,72,7,1,9,1,1,0,1,1,1,404,242
20824,Clean,1,1,0,0,0,0,0,0,0,0,13,260
1878,Clean,19,1,0,0,0,0,0,0,0,0,1,186
59637,Clean,2,0,0,0,0,0,0,0,0,0,12,178
46924,Malicious,90,13,3,11,1,1,1,1,1,1,337,65
840,Clean,16,1,0,0,0,0,0,0,0,1,0,194
86,Clean,20,0,0,0,0,0,0,0,0,0,15,221
993,Suspicious,30,6,0,7,0,0,0,0,0,0,55,118
940,Malicious,51,18,3,3,0,0,0,0,0,0,4,258
266,Clean,19,2,0,0,0,0,0,0,0,1,3,151
114860,Malicious,71,27,2,9,0,1,1,1,1,0,244,75
44639,Clean,14,2,0,0,0,0,0,0,0,0,10,125
47342,Clean,5,2,0,0,0,0,0,0,0,0,18,159
150,Clean,8,0,0,0,0,0,0,0,0,0,16,262
4382,Suspicious,29,27,0,7,0,0,0,0,0,0,35,64
23019,Suspicious,21,8,0,6,0,0,0,0,0,0,6,139
417,Clean,7,0,0,0,0,0,1,0,0,0,10,138
18963,Suspicious,28,7,0,10,0,0,0,0,0,0,34,90
40809,Suspicious,22,29,0,11,0,0,0,0,0,0,45,81
9257,Suspicious,39,14,0,7,0,0,0,0,0,0,14,283
60,Suspicious,36,29,0,9,0,0,0,0,0,0,27,73
3799,Clean,12,1,0,0,0,0,0,0,0,0,10,96
7989,Suspicious,40,26,0,1,0,0,0,0,0,0,55,126
28421,Malicious,81,20,1,3,0,1,0,1,1,0,368,201
2118,Malicious,48,19,4,13,0,1,0,0,0,0,18,237
103550,Malicious,63,25,2,2,1,1,1,1,1,0,194,255
20992,Malicious,44,26,5,3,0,1,0,0,0,0,12,172
55433,Suspicious,33,13,0,4,0,0,0,0,0,1,73,223
123272,Suspicious,29,7,0,4,0,0,0,0,0,0,73,282
25163,Suspicious,31,11,0,7,0,0,0,0,0,0,45,107
9502,Clean,9,0,0,0,0,0,0,0,0,0,13,216
9,Suspicious,39,11,0,11,0,0,0,0,0,0,67,83
714,Malicious,69,18,5,3,0,0,0,1,0,0,19,282
2713,Suspicious,32,25,0,10,0,0,0,0,0,0,66,91
65427,Suspicious,27,16,0,4,0,0,0,0,0,0,20,127
21598,Clean,19,0,0,0,0,0,0,0,0,0,14,79
8866,Clean,3,2,0,0,0,0,0,0,0,0,8,186
1553,Malicious,88,15,2,6,0,1,0,0,1,1,175,154
106272,Malicious,73,26,1,9,1,0,0,1,1,1,432,150
15005,Clean,16,2,0,0,0,0,0,0,0,0,1,208
75851,Malicious,57,28,4,11,1,0,1,1,0,1,156,110
991,Malicious,50,10,5,7,0,0,0,0,0,0,19,83
12918,Suspicious,21,10,0,8,0,0,0,0,0,0,68,124
1017,Clean,6,1,0,0,0,0,0,0,0,0,6,77
11619,Suspicious,34,12,0,1,0,0,0,0,0,0,38,187
621,Clean,0,1,0,0,0,0,0,0,0,0,19,140
4843,Clean,8,0,0,0,0,0,0,0,0,0,4,119
18373,Clean,10,1,0,0,0,0,0,0,0,0,13,168
4396,Clean,12,2,0,0,0,0,0,0,0,0,3,153
3540,Malicious,53,20,2,3,0,1,0,1,0,0,19,100
51,Clean,0,0,0,0,0,0,0,0,0,0,11,230
537,Suspicious,27,14,0,10,0,0,0,0,0,0,53,202
23178,Clean,5,2,0,0,0,0,0,0,0,0,13,124
3110,Clean,0,1,0,0,0,0,0,0,0,0,15,74
569,Malicious,54,23,5,2,0,1,1,1,1,0,135,162
50249,Suspicious,33,6,0,1,0,0,1,0,0,0,47,246
47369,Suspicious,36,6,0,4,0,0,0,0,0,0,10,258
4066,Clean,13,0,0,0,0,0,0,0,0,0,5,140
128829,Suspicious,31,17,0,5,0,0,0,0,0,0,5,71
1564,Suspicious,28,8,0,14,0,0,0,0,0,0,10,286
431,Clean,19,0,0,0,0,0,0,0,0,0,2,105
13356,Malicious,64,22,3,14,0,1,1,0,0,0,128,90
53,Suspicious,29,23,0,4,0,0,0,1,0,0,70,255
11841,Suspicious,39,8,0,13,0,0,0,1,0,0,41,94
9304,Malicious,74,17,4,4,1,1,1,1,1,0,114,215
38264,Clean,1,2,0,0,0,0,0,0,0,0,6,255
250,Clean,6,0,0,0,0,0,0,0,0,1,18,75
45473,Suspicious,39,24,0,14,0,0,0,0,0,0,77,201
43380,Clean,14,0,0,0,0,0,0,0,0,1,16,77
1940,Clean,6,0,0,0,0,0,0,0,0,0,6,93
18036,Malicious,50,17,1,7,1,1,0,0,0,0,6,147
3991,Suspicious,25,11,0,5,0,0,0,0,0,0,12,232
70988,Suspicious,29,8,0,2,0,0,0,0,0,0,29,271
146,Clean,4,0,0,0,0,0,0,0,0,0,11,293
25538,Clean,13,2,0,0,0,0,0,0,0,1,5,81
6099,Malicious,54,8,4,5,1,1,0,0,0,0,2,77
1059,Clean,20,0,0,0,0,0,0,0,0,0,6,285
215,Malicious,90,18,5,3,0,1,0,0,0,0,481,176
183,Suspicious,28,7,0,3,0,0,0,0,0,0,12,105
6987,Clean,13,1,0,0,0,0,0,0,0,0,2,171
260,Clean,15,0,0,0,0,0,0,0,0,0,7,291
2338,Malicious,42,28,3,5,1,0,0,0,0,1,2,80
4572,Malicious,47,13,1,2,0,1,1,1,1,0,14,284
66333,Malicious,57,7,1,2,1,1,0,0,0,0,17,293
143,Malicious,53,28,3,2,0,1,0,0,0,0,8,263
4125,Clean,18,1,0,0,0,0,0,0,1,0,9,104
14429,Clean,4,0,0,0,0,0,0,0,0,0,7,141
28542,Suspicious,35,21,0,12,0,0,0,0,0,0,38,250
56482,Clean,8,0,0,0,0,0,0,0,0,0,10,274
101121,Suspicious,22,28,0,7,0,0,0,0,0,0,7,195
3945,Malicious,73,26,3,2,1,0,0,1,1,0,355,135
112919,Malicious,58,5,5,12,1,1,0,1,0,0,287,234
4110,Suspicious,23,5,0,5,0,0,1,0,0,0,36,93
1607,Suspicious,34,29,0,8,0,0,0,0,0,0,69,285
36934,Suspicious,22,11,0,14,0,0,0,0,0,0,75,215
9610,Clean,0,0,0,0,0,0,0,0,0,0,0,226
316,Malicious,70,27,1,13,0,1,0,1,0,0,274,148
112668,Malicious,94,18,3,8,1,1,0,1,0,1,163,73
1291,Malicious,43,26,3,5,0,1,0,0,0,0,5,143
25306,Suspicious,26,15,0,12,0,0,0,0,0,0,16,234
2833,Clean,11,0,0,0,0,0,0,0,0,0,11,194
122062,Malicious,50,11,4,3,1,1,0,0,1,0,6,84
35040,Clean,19,2,0,0,0,0,0,0,0,0,17,257
37938,Suspicious,35,29,0,9,0,0,0,0,1,1,16,247
85,Clean,19,1,0,0,0,0,0,0,1,0,5,173
62900,Clean,7,0,0,0,0,0,1,0,0,0,15,208
2346,Suspicious,35,16,0,12,0,0,0,0,0,0,42,192
30728,Suspicious,37,27,0,3,0,0,0,0,0,0,37,283
52476,Malicious,43,19,3,10,0,0,0,0,0,0,18,133
34,Clean,3,2,0,0,0,0,0,0,0,1,14,265
30676,Clean,0,2,0,0,0,0,0,0,0,0,14,141
23668,Suspicious,34,20,0,10,0,0,0,1,0,1,34,292
1016,Suspicious,27,16,0,4,0,0,0,0,0,0,58,184
169,Suspicious,28,27,0,11,0,0,0,0,0,0,76,279
48,Malicious,42,20,5,12,1,1,0,0,0,0,12,86
33624,Clean,5,1,0,0,0,0,0,0,0,0,19,176
1906,Clean,20,0,0,0,0,0,1,0,0,0,0,250
10193,Suspicious,23,27,0,11,0,0,0,0,0,0,30,190
37989,Clean,5,1,0,0,0,0,0,0,0,0,8,293
3733,Suspicious,36,12,0,5,0,0,0,0,0,0,79,95
75,Malicious,43,17,4,6,0,1,0,0,0,0,10,183
64,Malicious,61,26,1,7,0,1,0,1,0,0,403,103
131,Clean,6,1,0,0,0,0,0,0,0,0,15,152
870,Suspicious,38,24,0,9,0,0,0,0,0,0,8,250
28312,Malicious,78,14,1,7,0,1,1,0,0,0,496,166
32994,Malicious,66,16,5,8,0,0,1,0,1,1,411,268
109879,Malicious,82,10,3,14,1,1,1,1,1,0,494,119
488,Malicious,81,17,4,1,0,0,1,1,0,1,160,273
91171,Suspicious,25,20,0,4,0,0,0,0,0,0,43,126
73069,Malicious,43,27,2,10,0,1,0,0,0,0,15,108
117124,Clean,11,0,0,0,0,0,0,0,0,0,2,74
211,Malicious,56,11,4,1,0,1,0,1,0,0,340,165
3882,Clean,5,1,0,0,0,0,0,0,0,0,1,266
22023,Clean,14,0,0,0,0,0,0,0,0,0,15,269
57,Malicious,69,10,2,13,0,0,1,1,0,1,87,278
92671,Malicious,62,14,1,9,1,0,0,0,0,0,19,237
709,Clean,9,2,0,0,0,0,0,0,0,0,5,197
16682,Clean,17,1,0,0,0,0,0,0,0,0,19,234
26001,Suspicious,36,20,0,9,0,0,0,0,0,0,41,144
44351,Malicious,50,10,4,14,1,1,1,0,0,0,7,161
1138,Malicious,70,19,5,10,1,1,1,1,0,1,239,218
689,Suspicious,27,9,0,11,0,0,0,0,0,0,29,289
2599,Suspicious,33,15,0,12,0,0,0,0,0,0,79,254
106,Malicious,51,8,3,11,0,0,0,0,0,0,18,256
8766,Clean,5,2,0,0,0,0,0,0,0,0,4,167
123953,Malicious,88,16,4,14,1,1,0,1,0,1,308,250
2622,Suspicious,37,22,0,3,0,0,0,0,0,0,13,120
4784,Suspicious,25,17,0,11,0,0,0,0,0,0,60,168
566,Suspicious,26,11,0,1,0,0,0,0,0,0,26,282
21102,Suspicious,25,11,0,12,0,0,0,0,0,0,28,74
33432,Clean,11,1,0,0,0,0,0,0,0,0,5,217
3857,Malicious,50,13,3,7,1,0,0,0,0,0,18,229
1438,Clean,0,0,0,0,0,0,0,0,0,0,8,145
38013,Clean,18,1,0,0,0,0,0,0,0,0,10,227
36810,Malicious,95,19,1,10,0,0,1,1,1,1,95,214
130317,Clean,2,1,0,0,0,0,0,1,0,0,8,102
2380,Malicious,42,28,2,12,0,1,1,0,0,0,12,270
44603,Suspicious,25,6,0,4,0,0,1,1,0,0,47,94
40156,Clean,7,1,0,0,0,0,0,0,0,0,13,67
14544,Malicious,44,28,4,9,1,0,0,0,0,0,16,248
37297,Malicious,48,29,1,11,1,0,0,0,0,0,8,250
21642,Suspicious,37,17,0,6,0,0,0,0,0,0,71,235
46525,Suspicious,39,11,0,14,0,0,0,0,0,0,42,148
83377,Suspicious,29,15,0,10,0,0,0,0,0,0,15,229
89,Clean,17,1,0,0,0,0,0,0,1,0,0,112
333,Clean,0,2,0,0,0,0,0,0,0,0,18,172
12834,Clean,13,2,0,0,0,0,0,0,0,0,11,214
22242,Suspicious,31,13,0,11,0,0,1,0,1,0,35,185
1060,Malicious,80,19,5,2,0,1,0,1,0,1,461,263
110953,Clean,14,2,0,0,0,0,0,0,0,0,16,287
490,Clean,14,1,0,0,0,0,0,0,0,0,12,94
15571,Malicious,75,21,1,12,0,1,0,0,0,1,277,226
118,Clean,7,1,0,0,0,0,0,0,0,0,16,155
18860,Clean,2,1,0,0,0,0,0,0,0,0,15,177
126282,Clean,5,0,0,0,0,0,0,0,0,0,4,194
101,Suspicious,28,18,0,12,0,0,0,0,0,0,53,200
136975,Malicious,71,13,2,10,1,1,0,1,0,1,251,146
25042,Suspicious,29,10,0,13,0,0,0,0,0,0,10,137
6129,Malicious,56,13,5,9,0,1,1,0,1,0,144,286
46194,Malicious,67,14,2,5,1,0,0,0,0,1,76,297
70997,Clean,0,0,0,0,0,0,0,0,0,0,5,163
39728,Malicious,62,9,3,2,1,1,1,0,1,0,372,216
1153,Clean,10,0,0,0,0,0,0,0,0,0,2,199
48353,Clean,18,1,0,0,0,0,0,0,0,0,2,75
6395,Suspicious,24,26,0,5,0,0,0,0,0,0,79,61
8,Clean,1,0,0,0,0,0,1,0,0,0,4,103
42380,Clean,1,1,0,0,0,0,0,0,0,0,6,196
66204,Clean,11,0,0,0,0,0,0,0,0,0,3,123
138128,Suspicious,37,18,0,10,0,0,0,0,0,0,23,120
5119,Malicious,77,9,3,5,0,0,0,1,0,1,491,120
1513,Suspicious,28,14,0,8,0,0,0,0,0,0,76,103
12209,Malicious,46,21,2,12,1,0,0,1,1,1,209,263
46847,Clean,19,1,0,0,0,0,0,0,0,0,15,185
317,Clean,8,1,0,0,0,0,0,0,0,0,5,287
52548,Clean,1,2,0,0,0,0,0,0,0,0,6,104
15500,Malicious,63,23,4,11,0,1,0,0,0,0,5,98
12387,Clean,13,0,0,0,0,0,0,0,0,0,17,244
69940,Clean,3,2,0,0,0,0,0,0,0,0,7,157
93,Clean,19,1,0,0,0,0,0,0,0,0,3,140
4002,Clean,18,0,0,0,0,0,0,0,0,0,5,189
121088,Suspicious,40,24,0,9,0,0,0,1,1,1,60,260
1130,Suspicious,30,20,0,5,0,0,0,0,0,0,16,224
97584,Malicious,72,12,2,13,1,0,0,1,0,0,261,72
21741,Clean,0,2,0,0,0,0,0,0,0,0,14,244
683,Malicious,44,26,5,5,1,0,0,0,0,0,7,191
742,Malicious,52,6,3,12,0,0,0,0,0,0,15,175
958,Clean,18,1,0,0,0,0,0,0,0,0,2,142
57214,Malicious,73,20,2,1,1,1,0,0,0,0,0,186
52973,Suspicious,35,15,0,2,0,0,0,0,0,0,63,159
44550,Malicious,47,19,1,1,0,1,1,1,0,0,372,223
52306,Suspicious,26,12,0,6,0,0,0,0,0,0,38,99
2177,Clean,18,1,0,0,0,0,0,1,0,0,12,170
21959,Suspicious,36,24,0,2,0,0,0,0,0,0,58,193
20847,Clean,0,2,0,0,0,0,0,0,0,0,3,245
43061,Malicious,45,21,1,13,1,1,0,0,0,0,2,92
88,Malicious,61,11,5,8,1,0,0,0,0,0,18,221
10050,Suspicious,30,7,0,9,0,0,0,0,0,0,18,66
48817,Clean,8,2,0,0,0,0,0,0,0,0,14,108
2155,Malicious,71,19,1,3,0,1,0,0,0,0,11,105
56074,Clean,16,1,0,0,0,0,0,0,1,0,19,96
28,Clean,2,1,0,0,0,0,0,0,0,0,19,158
12199,Malicious,85,22,1,8,1,0,0,1,0,0,165,101
13145,Clean,12,1,0,0,0,0,0,0,0,0,2,170
187,Suspicious,28,29,0,3,0,0,0,0,0,1,43,204
11086,Clean,7,0,0,0,0,0,0,0,0,0,16,263
12340,Malicious,41,11,3,14,0,1,0,1,0,0,18,182
32206,Suspicious,32,18,0,12,0,0,0,0,0,0,66,66
3628,Clean,19,0,0,0,0,0,0,0,0,0,15,110
676,Clean,5,2,0,0,0,0,0,0,0,0,11,292
49545,Suspicious,35,28,0,3,0,0,0,0,0,0,5,276
3548,Clean,7,0,0,0,0,0,0,0,0,0,18,75
874,Clean,16,1,0,0,0,0,0,0,0,0,4,101
51240,Suspicious,28,9,0,14,0,0,0,0,0,0,49,136
213,Malicious,48,24,5,1,0,0,1,0,0,0,7,210
2089,Clean,6,2,0,0,0,0,0,0,1,0,8,255
78372,Clean,12,0,0,0,0,0,0,0,0,0,15,208
9375,Clean,19,2,0,0,0,0,0,0,0,0,0,150
518,Malicious,67,26,3,1,1,1,0,1,0,1,428,261
11711,Clean,6,0,0,0,0,0,0,0,0,0,0,223
1565,Suspicious,27,16,0,13,0,0,0,0,0,0,47,234
22580,Malicious,50,19,1,7,0,0,0,1,1,0,283,274
6242,Clean,11,1,0,0,0,0,0,0,0,0,15,283
47,Malicious,50,24,3,7,1,1,0,0,0,0,13,95
114529,Suspicious,26,9,0,6,0,0,0,0,0,0,20,233
87166,Malicious,68,13,2,4,1,0,1,0,1,0,399,182
6463,Clean,19,1,0,0,0,0,0,0,0,0,18,108
72031,Suspicious,22,15,0,9,0,0,0,0,0,0,46,103
58,Malicious,69,23,3,1,1,1,0,1,0,0,400,277
17856,Suspicious,35,17,0,6,0,0,0,0,0,0,49,215
1853,Malicious,81,28,3,14,1,1,0,1,1,0,73,63
330,Clean,0,1,0,0,0,0,0,0,0,0,7,121
90317,Malicious,48,29,2,12,0,1,1,1,1,1,220,276
29406,Clean,10,0,0,0,0,0,0,0,0,0,6,143
91502,Clean,12,1,0,0,0,0,0,0,0,0,6,86
16793,Clean,0,0,0,0,0,0,0,0,0,0,14,91
95438,Malicious,44,10,2,10,0,1,0,0,0,0,429,95
14814,Clean,0,2,0,0,0,0,0,0,0,0,4,219
5607,Clean,7,2,0,0,0,0,0,0,0,0,3,116
2240,Clean,7,1,0,0,0,0,0,0,0,0,18,86
2175,Clean,17,1,0,0,0,0,0,0,0,0,13,170
9344,Clean,6,0,0,0,0,0,0,0,0,0,12,138
59893,Malicious,62,26,5,3,1,1,1,1,0,0,399,299
52932,Clean,6,2,0,0,0,0,0,0,0,0,1,167
61189,Clean,0,1,0,0,0,0,0,0,0,0,0,155
9083,Clean,19,1,0,0,0,0,0,0,0,0,15,246
73060,Clean,19,1,0,0,0,0,0,0,0,0,10,163
29,Clean,20,1,0,0,0,0,0,0,0,0,10,290
31,Suspicious,37,29,0,10,0,0,0,0,0,0,63,261
37245,Malicious,58,26,3,8,1,0,0,0,0,0,4,180
77827,Malicious,79,5,3,14,1,1,0,1,0,1,134,185
6375,Malicious,47,10,1,7,1,0,0,0,0,0,5,223
1111,Suspicious,28,5,0,6,0,0,0,0,0,0,34,228
20309,Suspicious,34,9,0,8,0,0,0,0,0,0,12,218
131438,Malicious,57,12,1,13,1,1,0,1,0,0,10,164
42248,Suspicious,23,19,0,2,0,0,0,0,0,0,68,223
141,Clean,8,1,0,0,0,0,0,0,0,0,13,244
5780,Clean,17,0,0,0,0,0,0,0,0,0,17,269
44192,Clean,13,2,0,0,0,0,0,0,0,0,9,164
1986,Malicious,45,28,4,14,0,0,0,0,0,0,6,238
51522,Malicious,41,8,5,7,0,1,0,0,0,0,6,132
41344,Clean,9,1,0,0,0,0,0,0,0,0,11,214
36723,Suspicious,23,17,0,2,0,0,0,0,0,0,43,212
36,Malicious,47,14,2,3,1,1,0,0,0,0,12,167
419,Suspicious,36,9,0,14,0,0,0,1,0,0,17,113
75539,Clean,19,0,0,0,0,0,0,1,0,1,6,197
14407,Suspicious,29,10,0,12,0,0,0,0,0,0,79,192
48773,Malicious,50,15,5,2,0,1,0,0,0,0,16,85
17243,Suspicious,36,19,0,2,0,0,0,0,0,0,37,158
31310,Suspicious,22,8,0,7,0,0,0,0,0,0,56,133
40937,Clean,12,0,0,0,0,0,1,0,0,0,0,158
3646,Malicious,56,13,4,5,0,1,0,0,0,1,2,236
24274,Malicious,79,16,4,4,0,0,1,1,0,0,52,163
79789,Malicious,72,27,4,7,1,1,0,1,0,0,229,294
934,Suspicious,31,15,0,7,0,0,0,0,0,0,42,100
54649,Clean,5,2,0,0,0,0,0,0,0,0,8,165
54081,Clean,6,1,0,0,0,0,0,0,0,0,11,95
1567,Suspicious,35,6,0,11,0,0,0,0,0,0,62,140
2330,Suspicious,21,12,0,6,0,0,0,0,0,0,17,279
2136,Suspicious,29,22,0,3,0,0,0,0,0,0,61,71
14997,Suspicious,33,24,0,6,0,0,0,0,0,0,39,128
39757,Suspicious,21,26,0,13,0,0,0,1,0,0,34,86
61509,Clean,17,2,0,0,0,0,0,0,0,0,16,110
92978,Malicious,51,13,3,13,0,1,1,0,1,0,295,180
510,Suspicious,33,10,0,8,0,0,0,0,0,0,60,230
109893,Suspicious,35,5,0,12,0,0,0,0,1,0,76,77
9881,Clean,13,0,0,0,0,0,0,0,0,0,11,216
175,Malicious,55,9,2,10,1,0,0,1,0,0,498,239
3410,Suspicious,25,12,0,4,0,0,0,1,0,0,42,103
1020,Suspicious,24,15,0,3,0,0,0,0,0,0,47,110
69780,Clean,20,1,0,0,0,0,1,0,0,0,1,235
189,Malicious,52,26,3,6,1,1,0,0,0,0,11,285
50,Clean,11,2,0,0,0,0,0,0,0,0,7,167
349,Malicious,44,25,1,14,0,0,0,0,0,0,5,159
71551,Suspicious,26,13,0,10,0,0,0,0,0,0,18,258
3952,Clean,17,2,0,0,0,0,0,1,0,0,0,165
158,Suspicious,26,19,0,2,0,0,0,0,0,0,36,88
5744,Malicious,70,6,5,5,1,0,0,0,0,0,13,90
400,Suspicious,38,17,0,2,0,0,0,0,1,0,65,272
23189,Malicious,52,12,2,4,1,0,0,0,0,0,11,143
900,Malicious,70,12,3,12,0,1,1,0,0,0,245,113
1921,Clean,6,1,0,0,0,0,0,0,0,0,7,228
24235,Malicious,66,21,5,5,1,1,0,0,0,0,17,114
27595,Suspicious,22,17,0,9,0,0,0,0,0,0,79,273
1168,Malicious,97,26,1,10,0,0,0,1,1,1,447,183
46283,Malicious,51,5,2,13,1,0,0,0,0,0,2,285
140,Suspicious,39,14,0,10,0,0,0,0,0,0,79,98
34232,Clean,16,0,0,0,0,0,0,0,0,0,16,217
246,Clean,13,1,0,0,0,0,0,0,0,0,9,249
57156,Suspicious,40,23,0,14,0,0,1,0,1,1,70,211
80786,Suspicious,25,29,0,14,0,0,0,0,0,0,52,187
653,Suspicious,38,22,0,9,0,0,0,0,0,0,54,114
71338,Suspicious,30,10,0,7,0,0,0,0,0,0,75,266
127300,Clean,11,0,0,0,0,0,0,0,0,0,14,75
60785,Clean,16,0,0,0,0,0,0,0,1,0,9,136
33813,Suspicious,27,12,0,10,0,0,1,0,0,0,17,269
11601,Malicious,92,25,2,13,0,1,0,1,0,1,395,216
1947,Clean,15,1,0,0,0,0,0,0,0,0,6,105
3642,Malicious,46,22,3,5,0,1,0,0,1,0,5,280
120,Suspicious,24,18,0,10,0,0,0,0,0,0,17,122
905,Malicious,60,22,4,12,1,1,1,1,0,0,395,228
79285,Malicious,56,12,5,8,1,0,0,0,0,0,1,290
73865,Clean,20,0,0,0,0,0,0,0,0,0,8,212
8070,Clean,7,0,0,0,0,0,0,0,0,0,10,86
92358,Suspicious,32,10,0,3,0,0,0,1,0,0,5,148
48982,Clean,20,0,0,0,0,0,0,0,0,0,17,96
5017,Suspicious,35,10,0,12,0,0,0,0,0,0,49,259
564,Clean,0,1,0,0,0,0,0,0,0,0,9,245
90611,Suspicious,29,29,0,9,0,0,0,0,0,0,14,181
6309,Malicious,51,10,5,4,0,1,0,0,0,0,1,183
115866,Clean,20,1,0,0,0,0,0,0,0,0,4,286
3014,Clean,14,0,0,0,0,0,0,0,0,0,10,143
21322,Malicious,80,6,5,14,1,0,0,1,0,0,211,296
108699,Suspicious,26,25,0,5,0,0,0,0,0,0,36,168
129492,Clean,15,1,0,0,0,0,0,0,0,0,7,258
37900,Suspicious,25,20,0,11,0,0,0,0,0,1,70,258
40849,Suspicious,40,25,0,5,0,0,0,0,0,0,56,101
587,Malicious,84,28,1,9,0,1,0,0,0,1,61,157
60441,Clean,6,2,0,0,0,0,0,0,0,0,10,192
129739,Clean,0,2,0,0,0,0,0,0,0,0,10,103
66441,Malicious,80,29,3,8,1,1,1,1,0,0,184,73
82453,Clean,8,2,0,0,0,0,0,0,0,0,14,122
100498,Clean,5,2,0,0,0,0,0,0,0,0,6,126
49944,Malicious,78,6,2,1,1,1,0,1,0,1,95,134
136093,Suspicious,31,26,0,6,0,0,0,0,0,0,39,206
88254,Malicious,77,27,2,9,0,0,0,1,0,1,341,231
10800,Suspicious,39,5,0,1,0,0,1,1,1,1,50,181
115459,Clean,17,2,0,0,0,0,0,0,0,1,4,141
1821,Suspicious,31,12,0,9,0,0,0,1,0,0,9,238
27556,Clean,0,0,0,0,0,0,0,0,0,0,12,293
1377,Suspicious,34,11,0,10,0,0,0,0,0,0,79,101
1259,Clean,8,0,0,0,0,0,0,0,0,1,19,140
12419,Clean,16,0,0,0,0,0,0,1,0,0,18,291
6370,Clean,0,0,0,0,0,0,0,0,0,0,12,140
40283,Clean,11,1,0,0,0,0,0,0,0,0,5,84
127164,Clean,0,0,0,0,0,0,0,0,0,1,7,81
54720,Clean,13,2,0,0,0,0,0,0,0,0,4,230
1773,Suspicious,28,19,0,4,0,0,0,0,0,0,52,93
3203,Suspicious,26,21,0,1,0,0,0,0,0,0,69,182
40205,Clean,18,0,0,0,0,0,0,0,0,0,13,153
2611,Clean,20,1,0,0,0,0,0,0,0,0,5,161
96786,Suspicious,31,8,0,13,0,0,0,0,0,0,35,272
94194,Suspicious,32,27,0,2,0,0,0,1,0,0,14,177
134204,Suspicious,23,14,0,14,0,0,0,0,0,0,35,241
29686,Malicious,81,28,2,5,0,1,0,0,1,0,392,287
2679,Suspicious,27,17,0,9,0,0,0,0,0,0,19,237
87,Suspicious,32,29,0,9,0,0,0,0,0,0,29,127
87955,Suspicious,23,6,0,9,0,0,0,0,0,0,79,240
29680,Suspicious,28,19,0,5,0,0,0,1,0,0,59,290
15745,Clean,14,0,0,0,0,0,0,0,0,0,3,213
1053,Suspicious,24,15,0,11,0,0,0,0,0,0,7,138
56680,Malicious,42,8,3,3,0,0,1,0,0,1,205,244
12038,Suspicious,29,16,0,3,0,0,0,0,0,0,37,157
3444,Clean,10,0,0,0,0,0,0,0,0,0,7,126
15507,Clean,2,0,0,0,0,0,0,0,0,0,16,150
16305,Clean,3,1,0,0,0,0,0,0,0,0,1,279
13601,Clean,0,2,0,0,0,0,0,0,0,0,5,210
13678,Suspicious,24,5,0,2,0,0,0,0,0,0,49,263
15606,Clean,8,1,0,0,0,0,0,0,0,0,2,248
16765,Clean,6,0,0,0,0,0,0,0,0,0,16,202
38279,Clean,0,0,0,0,0,0,0,0,0,0,11,111
25375,Clean,6,0,0,0,0,0,0,0,0,0,19,125
14075,Clean,19,0,0,0,0,0,0,0,0,0,4,283
14122,Clean,12,1,0,0,0,0,0,0,0,0,2,208
15024,Clean,8,1,0,0,0,0,0,0,0,0,8,223
15018,Malicious,62,23,3,5,1,1,0,0,0,0,7,180
16041,Clean,9,2,0,0,0,0,0,0,0,0,16,234
13405,Clean,0,1,0,0,0,0,0,0,0,0,0,295
16223,Clean,18,0,0,0,0,0,0,0,1,0,7,215
15570,Clean,0,1,0,0,0,0,0,0,0,0,0,62
15954,Clean,18,1,0,0,0,0,0,0,0,0,8,259
13924,Clean,0,2,0,0,0,0,0,0,0,0,7,98
5849,Clean,14,1,0,0,0,0,0,0,0,0,16,144
15964,Clean,4,2,0,0,0,0,0,0,1,0,10,274
13126,Clean,3,1,0,0,0,0,0,0,0,0,3,106
13685,Clean,20,2,0,0,0,0,0,0,0,0,15,130
15894,Clean,18,2,0,0,0,0,0,0,0,0,1,83
16177,Clean,15,2,0,0,0,0,0,0,0,0,18,73
13039,Clean,10,2,0,0,0,0,0,0,0,0,2,66
16388,Clean,0,2,0,0,0,0,1,0,0,0,5,245
16761,Clean,0,2,0,0,0,0,0,0,0,0,17,219
14966,Clean,3,2,0,0,0,0,0,0,0,0,18,134
13369,Clean,9,1,0,0,0,0,0,0,0,0,6,87
15000,Clean,11,1,0,0,0,0,0,0,0,0,9,269
13540,Clean,13,2,0,0,0,0,0,0,0,0,15,138
15533,Clean,9,0,0,0,0,0,0,0,0,0,8,208
15943,Clean,0,0,0,0,0,0,0,0,0,0,11,127
15445,Clean,11,2,0,0,0,0,0,0,0,0,17,235
14355,Clean,10,1,0,0,0,0,0,0,0,0,6,240
15687,Clean,13,2,0,0,0,0,0,0,0,1,1,219
14860,Clean,10,0,0,0,0,0,0,0,0,0,10,293
16739,Clean,14,0,0,0,0,0,0,0,0,0,19,139
13989,Clean,5,1,0,0,0,0,0,0,0,0,7,139
13063,Clean,16,0,0,0,0,0,0,0,0,0,12,124
16790,Clean,0,2,0,0,0,0,0,0,0,0,3,106
14296,Clean,2,2,0,0,0,0,0,0,0,0,6,263
14823,Clean,10,2,0,0,0,0,0,0,0,0,6,240
15017,Clean,12,2,0,0,0,0,0,0,0,0,14,167
14662,Clean,11,1,0,0,0,0,0,0,0,0,19,162
13964,Clean,13,1,0,0,0,0,0,0,1,0,4,222
16689,Clean,0,1,0,0,0,0,0,0,0,0,18,76
13455,Clean,3,0,0,0,0,0,0,0,0,0,1,174
3691,Clean,11,2,0,0,0,0,0,0,0,0,11,128
66,Suspicious,24,25,0,14,0,0,0,0,0,0,11,205
8260,Suspicious,27,20,0,13,0,0,0,0,0,0,17,62
9570,Suspicious,38,12,0,4,0,0,0,0,0,0,53,161
113472,Clean,0,2,0,0,0,0,0,0,0,0,8,183
63767,Malicious,85,8,4,9,1,0,0,1,0,1,168,248
2766,Malicious,64,9,5,13,1,1,1,1,1,0,176,105
5890,Suspicious,30,8,0,2,0,0,0,0,0,0,32,247
10033,Clean,15,0,0,0,0,0,0,1,0,0,14,110
76425,Malicious,42,25,5,9,0,1,0,0,0,0,13,211
43817,Clean,9,0,0,0,0,0,0,0,0,0,10,241
6123,Clean,0,1,0,0,0,0,0,0,0,0,14,264
20870,Malicious,53,7,5,4,1,1,1,1,1,0,239,190
2180,Suspicious,34,27,0,10,0,0,0,0,1,1,48,264
893,Malicious,64,23,4,8,1,0,1,0,1,1,481,167
2317,Malicious,52,13,5,14,1,1,0,0,0,0,16,224
571,Malicious,52,24,2,1,1,0,0,0,0,0,14,299
21358,Suspicious,28,12,0,5,0,0,0,0,0,0,65,96
63535,Malicious,61,17,5,13,0,0,0,0,0,1,173,207
65372,Suspicious,25,27,0,6,0,0,0,0,0,0,28,223
16720,Malicious,74,29,2,1,1,0,0,0,0,0,0,139
16019,Clean,8,1,0,0,0,0,0,0,0,0,15,117
14209,Malicious,70,28,5,7,1,1,0,0,0,0,6,260
2454,Clean,16,2,0,0,0,0,0,0,0,0,12,118
21435,Clean,1,1,0,0,0,0,0,0,0,0,13,147
34421,Clean,2,0,0,0,0,0,0,0,0,0,14,267
38181,Clean,0,2,0,0,0,0,0,0,0,0,15,299
42802,Clean,0,2,0,0,0,0,0,0,0,0,9,245
7234,Clean,6,1,0,0,0,0,0,0,0,0,11,273
13268,Clean,3,1,0,0,0,0,0,0,0,0,8,234
13246,Clean,10,1,0,0,0,0,0,0,0,0,16,246
14829,Clean,0,0,0,0,0,0,0,0,0,0,1,132
53799,Suspicious,26,26,0,7,0,0,0,0,0,0,27,233
51666,Suspicious,30,11,0,5,0,0,0,0,0,0,59,186
80357,Malicious,49,21,4,8,1,0,0,0,1,1,200,272
100,Malicious,43,20,2,10,1,0,0,0,0,0,10,196
102,Malicious,55,29,5,13,1,1,0,0,0,0,13,162
44108,Clean,0,2,0,0,0,0,0,0,0,0,0,120
137148,Clean,1,2,0,0,0,0,0,1,0,0,19,199
75887,Suspicious,32,20,0,9,0,0,0,0,0,0,29,193
57654,Clean,6,1,0,0,0,0,0,0,0,0,5,205
45822,Suspicious,21,10,0,7,0,0,0,0,0,0,21,248
26220,Malicious,51,8,4,12,1,0,0,0,0,0,9,263
29650,Suspicious,23,12,0,2,0,0,0,0,1,0,49,94
122235,Clean,0,2,0,0,0,0,0,1,0,1,16,93
58121,Suspicious,24,20,0,9,0,0,0,0,0,0,15,130
36646,Suspicious,26,11,0,9,0,0,0,0,0,0,46,123
56853,Suspicious,24,12,0,8,0,0,0,0,0,0,23,171
119709,Suspicious,31,9,0,8,0,0,1,0,0,0,40,256
88246,Clean,0,0,0,0,0,0,0,0,0,0,12,264
1652,Malicious,45,19,2,9,0,0,1,1,0,1,189,217
100332,Clean,13,0,0,0,0,0,0,0,0,0,9,100
8576,Clean,15,0,0,0,0,0,0,0,0,0,1,169
85340,Malicious,56,18,1,2,0,1,0,1,0,0,410,266
45096,Clean,12,0,0,0,0,0,0,0,0,0,0,117
3736,Suspicious,27,14,0,6,0,0,0,0,0,0,27,71
13882,Suspicious,25,23,0,6,0,0,0,0,0,0,55,142
92459,Malicious,56,25,4,5,0,1,1,0,0,0,163,196
113825,Malicious,68,17,4,10,0,1,1,0,0,1,69,291
99,Malicious,45,25,3,7,1,1,0,0,0,0,7,193
1674,Clean,15,1,0,0,0,0,0,0,0,0,3,247
27880,Malicious,56,20,3,2,1,1,0,0,0,1,126,166
72150,Clean,0,2,0,0,0,0,0,0,0,0,16,91
2758,Clean,15,0,0,0,0,0,0,0,0,0,14,196
1029,Malicious,89,11,1,13,0,0,1,1,0,1,465,298
78332,Malicious,67,5,4,11,0,1,0,0,0,0,15,171
306,Suspicious,26,22,0,7,0,0,0,0,0,0,34,96
2093,Suspicious,38,28,0,2,0,0,0,0,1,1,45,218
590,Malicious,87,12,1,13,1,0,0,0,0,0,306,156
35108,Malicious,61,27,1,1,1,1,0,0,0,0,6,84
10952,Clean,12,0,0,0,0,0,0,0,0,0,16,265
575,Clean,12,0,0,0,0,0,0,1,0,0,18,224
78349,Suspicious,24,22,0,1,0,0,0,0,0,0,65,72
10072,Malicious,47,15,1,1,0,1,0,0,0,0,2,189
108332,Malicious,81,15,5,14,0,1,0,1,0,0,375,70
181,Malicious,57,10,5,8,0,1,0,1,0,1,215,158
12081,Malicious,43,14,1,10,1,1,0,0,1,0,10,119
85585,Clean,0,0,0,0,0,0,0,1,0,0,6,128
98293,Suspicious,28,11,0,4,0,0,0,0,0,0,67,289
79091,Clean,0,0,0,0,0,0,0,0,0,0,15,247
21925,Clean,3,2,0,0,0,0,0,0,0,0,1,138
46998,Clean,11,1,0,0,0,0,0,0,0,0,3,284
47146,Clean,3,0,0,0,0,0,0,0,0,0,5,60
16676,Clean,6,1,0,0,0,0,0,0,0,0,3,126
111944,Suspicious,25,5,0,10,0,0,0,0,0,0,71,218
547,Suspicious,36,10,0,14,0,0,0,0,0,0,78,186
21548,Malicious,86,29,3,6,0,1,1,1,0,1,368,254
88452,Malicious,86,20,1,12,1,1,0,0,1,0,401,188
3519,Suspicious,27,29,0,7,0,0,1,0,0,0,41,291
55845,Malicious,48,12,1,12,1,1,0,1,0,1,495,222
41050,Clean,11,1,0,0,0,0,1,0,0,0,6,211
16014,Malicious,54,14,1,8,1,1,0,0,0,0,11,164
98,Suspicious,37,17,0,3,0,0,0,0,0,0,69,134
11817,Clean,0,2,0,0,0,0,0,0,0,0,19,256
20668,Clean,0,0,0,0,0,0,0,0,0,0,4,261
1840,Clean,5,2,0,0,0,0,0,0,0,0,3,94
119975,Clean,0,0,0,0,0,0,0,0,0,0,3,150
8565,Clean,13,2,0,0,0,0,0,0,0,0,5,199
193,Malicious,57,7,5,7,1,0,0,0,0,0,18,93
36293,Clean,0,0,0,0,0,0,0,0,0,0,9,100
64065,Malicious,86,6,1,6,1,0,0,1,0,1,62,234
5197,Clean,11,1,0,0,0,0,0,1,0,0,15,170
16845,Suspicious,21,11,0,5,0,0,0,0,0,0,11,149
1156,Malicious,64,21,1,2,0,0,0,0,0,0,17,251
6872,Suspicious,32,18,0,9,0,0,0,0,0,0,68,98
1057,Malicious,43,13,1,10,1,0,0,0,0,0,1,69
658,Suspicious,32,13,0,10,0,0,0,0,0,0,76,271
7864,Suspicious,31,11,0,2,0,0,0,0,0,0,41,206
1562,Suspicious,36,6,0,4,0,0,0,0,0,0,49,168
484,Suspicious,33,26,0,6,0,0,0,0,0,0,37,123
1170,Malicious,44,29,5,2,1,1,0,0,0,0,8,271
1150,Clean,3,2,0,0,0,0,0,0,0,0,14,278
154,Clean,0,2,0,0,0,0,0,0,0,0,15,179
37592,Clean,2,1,0,0,0,0,0,0,0,0,11,92
34587,Clean,0,1,0,0,0,0,0,0,0,0,12,163
70,Malicious,43,6,2,14,0,1,0,0,0,0,5,214
111472,Suspicious,27,17,0,10,0,0,0,0,0,0,20,93
59510,Suspicious,36,17,0,4,0,0,0,0,0,0,70,94
112,Malicious,75,29,2,3,0,0,0,1,1,0,107,92
46,Suspicious,25,9,0,5,0,0,0,0,0,0,70,109
20801,Suspicious,26,29,0,2,0,0,1,0,0,0,52,110
116931,Suspicious,34,15,0,7,0,0,0,0,1,0,44,287
1502,Suspicious,37,26,0,9,0,0,0,0,0,0,13,225
2830,Suspicious,27,7,0,13,0,0,0,0,0,0,24,65
29826,Malicious,44,15,3,7,1,0,0,0,0,0,18,184
1231,Clean,17,0,0,0,0,0,0,0,0,0,11,198
12395,Clean,13,0,0,0,0,0,0,0,0,0,17,64
22339,Clean,2,0,0,0,0,0,0,0,0,0,3,130
76683,Malicious,42,23,4,7,0,1,0,0,0,0,19,81
13071,Suspicious,38,6,0,8,0,0,0,0,0,0,58,157
3001,Clean,19,2,0,0,0,0,0,0,0,0,17,156
655,Suspicious,40,6,0,13,0,0,0,0,0,0,5,249
837,Malicious,45,16,5,13,0,0,0,0,0,0,1,236
1249,Suspicious,34,14,0,4,0,0,0,0,1,0,71,217
5691,Suspicious,27,21,0,7,0,0,0,0,0,1,54,120
107,Clean,5,0,0,0,0,0,0,0,0,0,9,199
94,Malicious,79,6,4,9,0,0,0,0,1,0,162,62
206,Clean,0,1,0,0,0,0,0,0,0,0,2,235
7495,Suspicious,34,16,0,5,0,0,0,1,1,0,23,70
46600,Malicious,65,5,1,8,1,1,0,0,0,0,5,161
2065,Suspicious,38,16,0,2,0,0,0,1,0,0,79,286
3254,Clean,0,0,0,0,0,0,0,0,0,0,11,281
5425,Clean,0,1,0,0,0,0,0,0,0,0,1,70
4469,Suspicious,39,28,0,2,0,0,0,0,0,0,59,252
28353,Malicious,81,21,2,2,1,1,1,0,1,0,121,168
22967,Malicious,77,17,4,9,0,0,0,1,0,0,393,67
20740,Malicious,67,9,3,14,0,0,0,0,0,0,289,241
10738,Malicious,46,16,4,4,1,0,0,0,0,0,6,264
75621,Clean,0,0,0,0,0,0,0,0,0,0,17,252
78,Malicious,54,7,1,6,1,1,0,0,0,0,8,299
67367,Suspicious,30,7,0,4,0,0,0,0,0,0,25,190
91967,Clean,13,0,0,0,0,0,1,0,0,0,2,86
138,Suspicious,35,11,0,1,0,0,0,0,0,0,75,124
77056,Malicious,45,5,2,13,0,1,0,0,1,0,12,148
112991,Malicious,72,21,3,4,1,1,0,0,1,0,140,250
125710,Malicious,64,25,3,3,1,0,0,0,0,1,368,82
6000,Clean,18,2,0,0,0,0,0,1,0,0,1,218
4169,Clean,2,1,0,0,0,0,0,0,0,0,18,91
16947,Clean,0,2,0,0,0,0,0,0,0,0,11,272
26562,Malicious,66,25,5,7,1,0,1,0,1,0,405,62
56493,Clean,4,0,0,0,0,0,0,0,0,0,7,92
5548,Malicious,79,21,1,13,0,0,1,0,1,0,314,190
61759,Clean,18,1,0,0,0,0,0,0,0,0,4,174
4719,Clean,8,1,0,0,0,0,0,1,0,0,7,66
43148,Suspicious,22,27,0,4,0,0,0,0,0,0,25,131
5863,Suspicious,32,15,0,3,0,0,0,0,0,0,51,164
846,Suspicious,40,27,0,5,0,0,0,0,0,0,44,79
34251,Suspicious,33,18,0,9,0,0,0,0,0,0,52,146
52946,Suspicious,31,13,0,6,0,0,0,0,0,0,38,66
22906,Clean,0,1,0,0,0,0,1,0,0,0,7,253
132058,Malicious,49,29,1,1,0,0,0,0,0,0,12,154
12324,Clean,16,2,0,0,0,0,0,0,0,1,6,82
68066,Malicious,76,22,1,1,1,0,1,0,0,0,100,203
113980,Malicious,82,12,3,13,1,1,1,1,0,0,459,118
119891,Suspicious,37,25,0,6,0,0,0,0,0,0,6,174
131929,Suspicious,25,16,0,13,0,0,0,0,0,0,71,294
10610,Suspicious,28,13,0,8,0,0,0,0,0,0,20,233
17189,Clean,6,1,0,0,0,0,0,0,0,0,11,80
322,Clean,1,1,0,0,0,0,0,0,0,0,10,149
3673,Clean,2,1,0,0,0,0,0,0,0,0,3,181
6347,Clean,4,0,0,0,0,0,0,0,0,0,15,219
52691,Suspicious,33,18,0,2,0,0,0,0,0,0,62,288
121,Suspicious,33,13,0,2,0,0,0,0,0,0,10,85
92445,Malicious,43,8,1,14,0,0,0,0,0,0,2,136
948,Suspicious,37,21,0,13,0,0,1,0,0,1,41,234
72025,Clean,6,2,0,0,0,0,0,0,0,0,12,293
20453,Suspicious,33,29,0,13,0,0,0,0,0,0,31,274
56472,Clean,16,1,0,0,0,0,0,0,0,0,5,248
23835,Clean,12,1,0,0,0,0,0,0,0,0,1,298
82305,Malicious,51,13,4,4,1,1,1,0,0,1,61,112
135340,Suspicious,24,16,0,8,0,0,0,0,0,0,13,132
373,Clean,2,1,0,0,0,0,0,0,0,0,7,223
1982,Suspicious,28,17,0,14,0,0,0,0,0,0,36,66
83919,Suspicious,38,21,0,7,0,0,0,0,0,0,70,155
124427,Suspicious,24,11,0,12,0,0,0,0,0,0,57,206
130114,Clean,0,0,0,0,0,0,0,0,0,0,15,113
102378,Malicious,63,18,5,6,0,0,0,0,1,0,3,146
4212,Suspicious,27,25,0,12,0,0,0,0,0,0,67,296
600,Suspicious,28,23,0,2,0,0,0,0,0,0,36,239
137679,Clean,12,1,0,0,0,0,0,0,0,0,14,205
57838,Suspicious,38,10,0,3,0,0,0,0,0,0,61,141
113949,Suspicious,34,15,0,11,0,0,0,0,0,0,24,289
7239,Suspicious,38,27,0,8,0,0,0,0,0,0,48,215
96611,Suspicious,22,12,0,9,0,0,0,0,0,0,10,290
3215,Suspicious,30,25,0,13,0,0,0,0,0,0,33,296
1665,Clean,9,0,0,0,0,0,0,0,0,0,11,174
7722,Suspicious,30,13,0,5,0,0,0,0,0,0,26,102
4288,Suspicious,30,18,0,12,0,0,0,0,0,0,22,101
6888,Suspicious,26,11,0,12,0,0,0,0,0,0,57,288
40495,Malicious,97,24,1,10,0,0,0,1,0,1,390,197
68,Malicious,63,25,1,2,1,1,0,1,0,0,173,61
20567,Malicious,81,25,5,11,1,0,1,0,0,0,118,184
19257,Malicious,66,5,5,11,0,1,0,0,0,0,383,169
539,Clean,9,0,0,0,0,0,1,0,0,0,11,155
691,Suspicious,22,18,0,1,0,0,0,0,0,1,58,68
26051,Malicious,46,19,1,3,0,1,0,0,0,0,11,185
926,Clean,12,0,0,0,0,0,0,0,1,0,5,169
998,Suspicious,36,11,0,13,0,0,0,0,0,0,14,113
450,Malicious,92,7,5,14,1,1,0,1,1,1,466,290
85189,Clean,15,1,0,0,0,0,0,0,0,0,10,296
45563,Suspicious,25,28,0,9,0,0,0,0,0,0,37,133
34358,Clean,15,1,0,0,0,0,0,1,0,0,8,150
44810,Clean,4,2,0,0,0,0,0,0,0,0,0,82
43391,Clean,1,1,0,0,0,0,0,0,0,0,13,170
42739,Clean,0,2,0,0,0,0,0,0,0,0,15,120
47886,Suspicious,24,9,0,11,0,0,0,0,0,0,67,111
41139,Clean,5,1,0,0,0,0,0,0,0,0,5,260
41606,Clean,6,1,0,0,0,0,0,0,0,0,5,78
35670,Clean,0,2,0,0,0,0,1,0,0,0,4,74
36227,Clean,0,1,0,0,0,0,0,0,0,0,3,165
37893,Clean,3,2,0,0,0,0,0,0,0,0,2,253
42733,Clean,0,1,0,0,0,0,0,0,0,0,5,243
31345,Suspicious,23,29,0,14,0,0,1,0,0,0,34,270
10998,Clean,8,1,0,0,0,0,0,0,0,0,6,219
114017,Clean,10,0,0,0,0,0,0,0,0,0,11,177
43323,Clean,1,0,0,0,0,0,0,0,0,0,4,243
35822,Suspicious,22,24,0,5,0,0,0,0,0,0,31,234
37156,Clean,12,1,0,0,0,0,0,0,0,0,16,278
31815,Clean,0,0,0,0,0,0,0,0,0,0,16,99
33714,Clean,20,2,0,0,0,0,0,0,0,0,0,74
34562,Clean,4,0,0,0,0,0,0,0,0,0,8,180
47002,Clean,0,0,0,0,0,0,0,0,0,0,2,146
33754,Clean,14,2,0,0,0,0,0,0,0,0,2,164
45640,Clean,3,0,0,0,0,0,0,0,0,0,19,213
45625,Clean,3,2,0,0,0,0,0,0,0,0,6,192
37689,Suspicious,25,27,0,4,0,0,0,0,0,0,35,229
43650,Clean,3,2,0,0,0,0,0,0,0,1,10,270
39010,Clean,13,1,0,0,0,0,0,0,0,0,12,209
34763,Clean,2,2,0,0,0,0,0,0,0,0,10,268
33885,Clean,18,0,0,0,0,0,0,0,0,0,1,111
44908,Clean,0,0,0,0,0,0,0,0,0,0,14,236
37145,Clean,1,0,0,0,0,0,0,0,0,0,0,113
33745,Clean,0,1,0,0,0,0,0,0,0,0,19,186
35654,Clean,0,1,0,0,0,0,0,0,0,0,12,228
42080,Clean,6,0,0,0,0,0,0,0,0,0,0,263
39980,Clean,4,1,0,0,0,0,0,0,0,0,15,206
2828,Clean,8,2,0,0,0,0,0,0,0,0,17,144
42694,Suspicious,23,23,0,8,0,0,0,0,0,0,8,96
46147,Suspicious,21,11,0,13,0,0,0,0,0,0,9,202
33086,Clean,0,0,0,0,0,0,0,0,0,0,18,154
33225,Clean,6,0,0,0,0,0,0,0,0,0,1,233
41160,Clean,7,2,0,0,0,0,0,0,0,0,3,88
32801,Clean,0,2,0,0,0,0,0,0,0,0,2,251
32151,Clean,0,1,0,0,0,0,0,0,0,0,2,277
119230,Clean,14,1,0,0,0,0,0,0,0,0,18,141
10350,Clean,0,0,0,0,0,0,0,0,0,0,10,154
39864,Clean,11,0,0,0,0,0,0,0,0,0,6,200
129,Clean,17,0,0,0,0,0,0,0,0,0,3,71
46411,Clean,13,1,0,0,0,0,0,0,0,0,10,99
43162,Clean,0,0,0,0,0,0,0,0,0,0,19,272
38451,Clean,2,1,0,0,0,0,0,0,0,0,3,292
35599,Clean,9,1,0,0,0,0,0,0,0,0,9,270
41630,Clean,1,1,0,0,0,0,0,0,0,0,14,195
34779,Clean,0,2,0,0,0,0,0,0,0,0,5,198
8466,Clean,12,0,0,0,0,0,0,0,0,0,0,139
41107,Clean,13,1,0,0,0,0,0,0,0,0,13,104
39747,Clean,0,2,0,0,0,0,0,0,0,0,18,179
33583,Clean,16,1,0,0,0,0,0,0,0,0,5,95
8446,Clean,3,1,0,0,0,0,0,0,0,0,10,207
47502,Clean,13,1,0,0,0,0,0,0,0,0,7,191
39867,Clean,2,0,0,0,0,0,0,0,0,0,4,91
36373,Suspicious,22,21,0,5,0,0,0,0,0,0,21,204
8378,Clean,7,2,0,0,0,0,0,0,0,0,19,183
42465,Clean,0,1,0,0,0,0,0,1,0,0,18,184
40943,Clean,11,1,0,0,0,0,0,0,0,0,4,217
33261,Clean,11,0,0,0,0,0,0,0,0,0,4,96
89143,Malicious,42,17,1,10,1,1,0,0,0,0,2,298
21390,Clean,3,0,0,0,0,0,0,0,0,0,12,271
4331,Malicious,58,15,5,6,0,0,0,0,0,0,0,271
86332,Suspicious,36,14,0,9,0,0,0,1,0,0,32,173
133866,Suspicious,36,20,0,11,0,0,0,0,0,0,12,289
47566,Suspicious,24,21,0,8,0,0,0,0,0,0,31,175
10421,Suspicious,31,5,0,10,0,0,0,1,0,0,31,111
66932,Suspicious,38,25,0,6,0,0,0,0,0,0,79,144
20074,Suspicious,39,11,0,5,0,0,0,0,0,0,37,161
59408,Clean,19,2,0,0,0,0,0,0,0,0,3,150
56641,Suspicious,35,8,0,1,0,0,0,0,1,0,27,104
134560,Suspicious,35,21,0,11,0,0,0,0,0,0,76,282
63519,Suspicious,28,19,0,11,0,0,0,0,1,0,29,197
66870,Clean,12,2,0,0,0,0,0,0,0,0,3,263
120644,Suspicious,38,6,0,10,0,0,0,0,0,0,28,227
22624,Suspicious,24,14,0,9,0,0,0,0,0,0,73,64
50306,Clean,6,0,0,0,0,0,0,0,0,0,5,89
36317,Malicious,41,22,1,11,1,1,0,0,0,0,4,80
50451,Suspicious,35,8,0,3,0,0,0,0,0,0,13,124
27873,Suspicious,27,18,0,13,0,0,0,0,0,0,40,133
70921,Suspicious,38,27,0,8,0,0,0,1,0,1,28,221
87143,Suspicious,34,12,0,8,0,0,0,0,0,0,6,137
136188,Malicious,64,8,1,7,1,0,0,0,0,0,2,284
121415,Clean,20,0,0,0,0,0,0,0,0,0,0,287
129454,Suspicious,37,27,0,10,0,0,0,0,1,0,45,66
51415,Malicious,43,9,5,12,0,1,1,0,0,0,11,66
75807,Suspicious,37,20,0,13,0,0,0,0,0,0,15,281
67469,Malicious,45,18,4,8,0,0,0,0,0,0,16,157
46046,Suspicious,23,29,0,10,0,0,0,0,0,0,6,246
71058,Clean,3,2,0,0,0,0,0,0,0,0,1,83
132853,Clean,12,1,0,0,0,0,0,0,0,0,13,224
55408,Clean,7,0,0,0,0,0,0,0,0,0,9,222
86545,Clean,20,2,0,0,0,0,0,1,0,0,2,71
88307,Clean,19,1,0,0,0,0,0,0,0,0,12,146
82689,Clean,13,1,0,0,0,0,1,0,0,0,2,149
95282,Suspicious,25,22,0,2,0,0,1,0,0,0,60,120
79863,Suspicious,30,25,0,12,0,0,0,0,0,0,56,113
96729,Malicious,45,24,5,11,1,1,0,1,0,0,4,246
103508,Suspicious,22,20,0,7,0,0,0,0,0,0,36,251
24125,Suspicious,22,11,0,3,0,0,0,0,0,0,62,251
25209,Clean,13,1,0,0,0,0,0,0,0,0,18,291
39123,Suspicious,33,16,0,8,0,0,0,0,0,0,47,264
76864,Suspicious,28,14,0,6,0,0,1,0,0,0,54,148
135131,Suspicious,24,11,0,5,0,0,1,0,0,0,34,200
63878,Malicious,41,9,1,8,0,0,0,0,0,0,19,67
51619,Clean,1,1,0,0,0,0,0,0,0,0,8,219
35006,Clean,6,0,0,0,0,0,0,0,0,0,4,242
59363,Suspicious,26,15,0,3,0,0,0,0,0,0,8,196
68839,Clean,14,2,0,0,0,0,0,0,0,0,17,88
104928,Suspicious,31,15,0,3,0,0,0,0,0,0,68,140
70872,Clean,18,1,0,0,0,0,0,0,0,0,0,121
66286,Clean,20,1,0,0,0,0,0,0,0,0,1,278
69648,Malicious,53,12,3,12,0,1,0,0,0,0,0,106
131666,Clean,10,1,0,0,0,0,0,0,0,0,18,66
42977,Suspicious,39,11,0,10,0,0,0,0,0,0,61,127
85056,Malicious,41,29,5,10,1,1,0,1,0,0,5,249
72301,Clean,11,1,0,0,0,0,0,0,0,0,1,269
73703,Malicious,42,17,5,4,1,0,0,0,0,0,8,169
118889,Suspicious,36,5,0,8,0,0,0,0,0,0,56,265
58846,Suspicious,32,27,0,13,0,0,0,0,0,0,18,71
88134,Malicious,44,22,3,2,0,0,0,0,0,0,7,113
117668,Suspicious,24,19,0,10,0,0,0,0,0,0,69,228
46136,Clean,6,1,0,0,0,0,0,0,0,0,6,147
70901,Suspicious,36,15,0,4,0,0,0,0,0,0,77,196
83864,Malicious,44,19,1,3,0,1,0,0,0,0,19,292
105911,Suspicious,35,22,0,5,0,0,0,0,0,0,24,237
23212,Suspicious,27,19,0,10,0,0,0,0,0,0,39,85
20620,Suspicious,31,22,0,4,0,0,0,0,0,0,8,191
85364,Suspicious,27,24,0,5,0,0,0,0,0,0,64,107
29330,Clean,20,0,0,0,0,0,0,0,0,0,17,227
121539,Malicious,54,27,1,12,0,1,0,0,0,1,2,201
1405,Clean,0,0,0,0,0,0,0,0,0,0,19,68
46956,Malicious,97,16,1,2,0,1,0,0,0,1,341,139
1179,Clean,9,1,0,0,0,0,0,0,0,0,9,78
50402,Malicious,52,24,4,7,1,0,0,1,1,1,290,200
55122,Malicious,44,21,3,14,1,0,1,1,0,0,226,288
27832,Malicious,64,22,3,7,0,0,0,1,0,1,422,269
29293,Malicious,79,21,4,6,0,1,0,1,0,0,307,78
40015,Malicious,84,10,4,12,0,1,1,1,0,1,430,131
79265,Malicious,73,10,1,4,0,1,1,0,1,1,398,234
11450,Malicious,68,23,5,1,1,0,0,1,0,1,213,159
58396,Clean,10,2,0,0,0,0,0,0,0,0,12,255
40926,Malicious,82,22,1,5,0,0,0,0,0,0,13,122
8545,Clean,17,0,0,0,0,0,0,0,0,0,16,154
65902,Suspicious,37,11,0,11,0,0,0,0,0,1,8,223
121994,Malicious,45,22,2,3,0,0,0,0,0,0,17,275
30790,Clean,16,1,0,0,0,0,0,0,0,0,16,174
2398,Suspicious,33,18,0,1,0,0,0,0,0,0,69,88
2279,Suspicious,26,29,0,8,0,0,0,0,0,0,30,69
83348,Clean,9,1,0,0,0,0,0,1,0,0,17,190
75431,Malicious,87,22,1,10,1,1,0,0,0,0,300,200
41844,Malicious,91,21,1,9,0,1,0,0,1,0,158,123
97552,Malicious,57,29,5,9,0,1,1,1,0,0,199,94
49204,Malicious,48,6,3,14,0,1,1,1,0,0,304,80
49844,Malicious,65,10,4,11,0,1,1,0,0,0,399,178
60173,Malicious,69,24,5,1,0,1,1,0,0,0,361,201
12854,Malicious,58,18,4,11,0,1,0,0,0,1,133,68
122659,Clean,0,0,0,0,0,0,0,0,0,0,2,188
38312,Clean,4,0,0,0,0,0,0,0,0,0,15,253
62261,Suspicious,39,12,0,2,0,0,0,0,0,0,23,215
103627,Malicious,76,19,3,4,1,1,1,0,0,1,309,84
54144,Suspicious,23,6,0,12,0,0,0,0,0,0,38,186
2345,Clean,12,2,0,0,0,0,0,0,0,0,9,68
2071,Suspicious,33,9,0,9,0,0,0,0,0,0,59,146
5504,Clean,0,2,0,0,0,0,0,0,0,0,12,90
4059,Clean,11,2,0,0,0,0,0,0,0,0,6,149
89950,Clean,11,0,0,0,0,0,0,0,0,0,7,145
9112,Malicious,78,21,5,13,0,0,1,0,0,0,467,253
113,Suspicious,39,12,0,5,0,0,1,1,1,0,24,99
61677,Malicious,61,21,3,13,1,0,1,1,1,0,177,121
75811,Malicious,99,27,2,9,0,0,1,1,0,0,283,211
70927,Malicious,75,9,2,5,1,0,0,0,0,0,4,113
104753,Clean,15,2,0,0,0,0,0,0,0,0,16,228
91131,Clean,11,2,0,0,0,0,0,0,0,0,13,210
71308,Suspicious,24,23,0,13,0,0,0,0,0,0,77,182
19516,Clean,10,1,0,0,0,0,0,0,0,0,13,179
18386,Clean,11,1,0,0,0,0,0,0,0,0,12,281
41063,Clean,3,1,0,0,0,0,0,0,0,0,9,285
29427,Clean,16,2,0,0,0,0,0,0,0,0,4,132
13034,Clean,0,2,0,0,0,0,0,0,0,0,5,230
55694,Clean,0,0,0,0,0,0,0,0,0,0,8,75
107328,Clean,5,0,0,0,0,0,0,0,0,0,18,287
57425,Suspicious,28,25,0,10,0,0,0,0,0,0,63,97
137230,Clean,0,1,0,0,0,0,0,0,0,0,3,281
46649,Clean,17,1,0,0,0,0,0,0,0,0,6,197
32099,Clean,0,0,0,0,0,0,0,0,0,0,13,147
32461,Suspicious,23,14,0,1,0,0,0,0,0,0,42,72
85802,Clean,0,2,0,0,0,0,0,0,0,0,1,240
50676,Clean,0,1,0,0,0,0,0,0,0,0,4,148
104458,Clean,10,2,0,0,0,0,0,0,0,0,11,206
11656,Clean,0,1,0,0,0,0,0,0,0,0,18,97
43056,Clean,0,1,0,0,0,0,0,0,0,0,16,265
33622,Clean,0,1,0,0,0,0,0,0,0,0,14,154
78655,Clean,0,2,0,0,0,0,0,0,0,0,7,76
49756,Clean,14,2,0,0,0,0,0,0,0,0,6,62
67086,Suspicious,27,5,0,2,0,0,0,0,0,0,75,142
114025,Suspicious,31,23,0,12,0,0,0,1,1,0,62,88
91544,Suspicious,28,27,0,5,0,0,0,0,0,0,66,135
588,Malicious,49,27,1,13,1,1,1,0,0,0,7,292
104132,Clean,10,2,0,0,0,0,0,0,0,0,0,111
2636,Suspicious,33,9,0,2,0,0,0,0,0,0,27,213
1239,Clean,7,2,0,0,0,0,0,0,0,0,5,148
1177,Clean,16,1,0,0,0,0,0,0,0,0,2,221
43442,Clean,0,0,0,0,0,0,0,0,0,0,14,104
133323,Clean,0,2,0,0,0,0,0,0,0,0,0,107
100313,Clean,17,2,0,0,0,0,0,0,0,0,8,65
3551,Clean,6,1,0,0,0,0,0,0,0,0,3,192
84117,Clean,12,0,0,0,0,0,0,0,0,0,6,139
133582,Clean,2,1,0,0,0,0,0,0,0,0,8,198
11254,Clean,17,1,0,0,0,0,0,0,0,0,13,90
7613,Clean,0,0,0,0,0,0,0,0,0,0,11,293
999,Clean,0,1,0,0,0,0,0,0,0,0,2,147
61516,Clean,19,2,0,0,0,0,0,1,0,0,8,241
40338,Clean,18,1,0,0,0,0,0,0,0,0,13,184
31439,Malicious,82,26,5,10,0,1,0,0,1,0,425,223
38817,Malicious,76,28,5,12,1,1,0,1,1,0,344,115
135614,Malicious,80,12,3,8,1,0,0,0,0,1,176,249
12829,Suspicious,37,21,0,12,0,0,0,1,1,0,38,243
111311,Malicious,53,9,4,11,1,1,0,1,0,0,133,171
85123,Clean,12,0,0,0,0,0,0,0,0,0,8,86
4013,Suspicious,38,29,0,8,0,0,0,0,0,0,25,107
26608,Suspicious,30,18,0,1,0,0,0,0,0,0,57,280
20945,Malicious,82,17,1,6,0,1,0,0,0,0,310,241
87870,Clean,19,0,0,0,0,0,0,0,0,0,7,127
489,Malicious,58,25,1,1,1,0,1,0,0,1,413,248
120409,Malicious,71,12,4,2,1,0,0,0,0,1,297,230
43632,Malicious,82,8,1,13,0,1,1,0,0,0,55,280
56622,Malicious,93,13,2,5,1,0,0,1,0,0,58,196
107980,Malicious,83,29,3,6,0,0,0,1,0,0,182,115
130462,Malicious,48,23,5,7,1,0,0,1,0,1,123,159
98614,Malicious,48,21,3,1,1,0,0,0,0,1,319,64
116636,Malicious,51,8,2,1,1,1,1,1,0,1,382,103
27243,Malicious,47,18,5,11,0,0,0,1,0,0,457,145
16141,Clean,2,1,0,0,0,0,0,0,0,0,12,222
16000,Clean,7,0,0,0,0,0,0,0,0,0,8,289
37633,Clean,0,2,0,0,0,0,0,0,0,0,17,169
13930,Clean,12,2,0,0,0,0,0,0,0,0,18,181
14699,Clean,2,0,0,0,0,0,0,0,0,0,8,209
46258,Clean,0,0,0,0,0,0,0,0,0,0,6,187
13247,Clean,8,2,0,0,0,0,0,0,0,0,16,212
13983,Clean,0,0,0,0,0,0,0,0,0,0,4,136
14443,Clean,11,2,0,0,0,0,0,0,0,0,15,188
110246,Clean,10,1,0,0,0,0,0,0,0,0,12,291
13782,Clean,13,0,0,0,0,0,0,0,0,0,4,235
2231,Clean,12,1,0,0,0,0,0,0,0,0,15,152
115176,Clean,1,0,0,0,0,0,0,0,0,0,13,107
13856,Clean,8,2,0,0,0,0,0,0,0,0,12,121
43842,Clean,0,2,0,0,0,0,0,0,0,1,8,212
34504,Clean,9,1,0,0,0,0,0,0,0,0,0,103
16178,Clean,7,0,0,0,0,0,0,0,0,0,0,137
15091,Clean,12,1,0,0,0,0,0,0,0,0,0,132
13456,Clean,4,0,0,0,0,0,0,0,0,0,6,109
14498,Clean,10,0,0,0,0,0,0,0,0,0,6,151
13563,Clean,10,1,0,0,0,0,0,0,0,0,5,169
15994,Clean,14,1,0,0,0,0,0,0,0,0,0,205
16800,Clean,0,0,0,0,0,0,0,0,0,0,19,221
13240,Clean,6,2,0,0,0,0,0,0,0,0,12,134
15297,Clean,11,0,0,0,0,0,0,0,0,0,17,67
13422,Malicious,78,5,1,12,1,1,0,0,0,1,13,171
48050,Clean,13,1,0,0,0,0,0,0,0,0,7,110
33993,Clean,11,0,0,0,0,0,0,0,0,0,11,204
20792,Suspicious,25,7,0,11,0,0,0,0,0,0,7,152
5676,Clean,9,2,0,0,0,0,0,0,0,0,0,69
3010,Clean,8,1,0,0,0,0,0,0,0,0,13,165
45644,Clean,5,0,0,0,0,0,0,0,0,0,18,113
9816,Clean,1,0,0,0,0,0,0,0,0,0,1,241
92526,Suspicious,34,23,0,10,0,0,0,0,0,1,45,220
127714,Clean,8,2,0,0,0,0,0,0,0,0,3,265
95656,Clean,13,2,0,0,0,0,0,0,0,0,16,109
13970,Clean,2,0,0,0,0,0,0,0,0,0,16,154
114947,Suspicious,23,21,0,12,0,0,0,0,0,0,16,155
15362,Clean,0,0,0,0,0,0,0,0,0,0,12,288
13321,Suspicious,24,6,0,3,0,0,0,0,0,0,12,181
16087,Clean,16,1,0,0,0,0,0,0,0,0,8,97
38882,Clean,0,1,0,0,0,0,0,0,0,0,4,79
133745,Clean,18,0,0,0,0,0,0,0,0,0,13,139
15661,Clean,11,1,0,0,0,0,0,0,0,0,11,139
44221,Suspicious,23,29,0,3,0,0,0,0,0,0,15,154
15337,Clean,4,2,0,0,0,0,0,0,0,0,15,271
13444,Suspicious,21,28,0,5,0,0,0,0,0,0,49,135
13764,Clean,11,1,0,0,0,0,0,0,0,0,1,81
15850,Clean,7,0,0,0,0,0,0,0,0,0,8,233
16105,Clean,0,1,0,0,0,0,0,0,0,0,13,191
16577,Clean,8,0,0,0,0,0,0,0,0,0,1,235
14908,Clean,10,0,0,0,0,0,0,0,0,0,7,275
87232,Suspicious,23,24,0,12,0,0,0,0,0,0,49,102
14513,Clean,2,1,0,0,0,0,0,0,0,0,19,191
16372,Clean,6,0,0,0,0,0,0,0,0,0,6,194
21355,Clean,8,1,0,0,0,0,0,0,0,0,4,173
16342,Clean,0,1,0,0,0,0,0,0,0,0,15,99
14281,Clean,11,2,0,0,0,0,1,0,0,0,17,271
16533,Clean,14,2,0,0,0,0,0,0,0,0,5,252
46966,Clean,9,0,0,0,0,0,0,0,0,0,12,203
4273,Clean,7,2,0,0,0,0,0,0,0,0,14,112
4903,Clean,2,2,0,0,0,0,0,0,0,0,4,136
2247,Clean,4,1,0,0,0,0,0,0,0,0,13,140
20799,Clean,4,2,0,0,0,0,0,0,0,0,18,116
16029,Clean,2,1,0,0,0,0,0,0,0,0,15,292
130224,Clean,4,1,0,0,0,0,0,0,0,0,5,158
15078,Clean,6,1,0,0,0,0,0,1,0,0,12,120
36194,Clean,14,2,0,0,0,0,0,0,0,0,14,127
37325,Clean,0,0,0,0,0,0,0,0,0,0,18,266
14294,Clean,2,0,0,0,0,0,0,0,0,0,0,76
15859,Clean,0,2,0,0,0,0,0,0,0,0,18,152
16750,Clean,3,0,0,0,0,0,0,0,0,0,8,292
14520,Clean,11,0,0,0,0,0,0,0,0,0,11,213
9201,Clean,2,1,0,0,0,0,0,0,0,0,12,148
8979,Clean,6,1,0,0,0,0,0,0,0,0,15,174
108048,Malicious,75,24,1,2,0,0,0,0,0,0,17,67
119294,Clean,4,2,0,0,0,0,0,0,0,0,18,179
94771,Clean,10,0,0,0,0,0,0,0,0,0,11,152
96909,Clean,9,1,0,0,0,0,0,0,0,0,0,257
122095,Clean,5,2,0,0,0,0,0,0,0,0,18,269
14295,Clean,5,2,0,0,0,0,0,0,0,1,15,255
15739,Clean,14,2,0,0,0,0,0,0,0,0,2,224
36250,Clean,5,1,0,0,0,0,0,0,0,0,4,81
110461,Malicious,85,20,5,7,0,1,0,0,0,0,7,176
32985,Suspicious,23,13,0,8,0,0,0,0,0,0,32,280
13723,Clean,11,2,0,0,0,0,0,0,0,0,11,138
2955,Clean,9,2,0,0,0,0,0,0,0,0,11,147
4134,Clean,5,1,0,0,0,0,0,0,0,0,1,168
88990,Clean,5,1,0,0,0,0,0,0,0,0,19,248
16396,Clean,7,0,0,0,0,0,0,0,0,0,3,165
34284,Clean,17,0,0,0,0,0,0,0,0,0,16,106
43289,Clean,15,1,0,0,0,0,0,0,0,0,2,215
14583,Clean,0,1,0,0,0,0,0,0,0,0,4,90
14463,Clean,20,1,0,0,0,0,0,0,0,0,15,198
13528,Suspicious,32,18,0,4,0,0,0,0,0,0,32,203
8971,Suspicious,24,14,0,2,0,0,0,0,0,0,66,288
92466,Suspicious,26,9,0,8,0,0,0,0,0,0,21,124
14640,Clean,8,1,0,0,0,0,0,0,0,0,19,235
15520,Clean,19,1,0,0,0,0,0,0,0,0,18,223
13610,Clean,8,1,0,0,0,0,0,0,0,0,19,262
14478,Clean,1,1,0,0,0,0,0,0,0,0,12,118
43900,Clean,1,2,0,0,0,0,0,0,0,0,19,121
37489,Clean,2,2,0,0,0,0,0,0,0,0,0,67
33203,Clean,0,2,0,0,0,0,0,0,0,0,8,210
37171,Clean,17,0,0,0,0,0,0,0,0,0,14,72
108062,Clean,0,0,0,0,0,0,0,0,0,0,13,148
42770,Clean,17,2,0,0,0,0,0,0,0,0,3,235
31811,Suspicious,25,10,0,6,0,0,0,0,0,0,40,71
13212,Clean,0,0,0,0,0,0,0,0,0,0,6,155
37099,Clean,10,0,0,0,0,0,0,0,0,0,5,150
14125,Clean,0,0,0,0,0,0,0,0,0,0,13,177
104601,Clean,12,0,0,0,0,0,0,0,0,0,12,207
13466,Clean,1,2,0,0,0,0,0,0,0,0,8,205
16733,Clean,0,1,0,0,0,0,0,0,0,0,18,212
16307,Clean,6,0,0,0,0,0,0,0,0,0,5,130
16343,Clean,0,1,0,0,0,0,0,0,0,0,6,66
14496,Clean,9,0,0,0,0,0,0,0,0,0,0,238
16170,Malicious,85,5,4,11,0,0,0,0,0,0,2,63
14593,Clean,2,0,0,0,0,0,0,0,0,0,15,224
4933,Clean,0,2,0,0,0,0,0,0,0,0,15,123
135873,Clean,3,2,0,0,0,0,0,0,0,0,7,87
94725,Clean,4,2,0,0,0,0,0,0,0,0,13,61
15064,Clean,6,0,0,0,0,0,0,0,0,0,5,202
16395,Clean,13,0,0,0,0,0,0,0,0,0,4,62
14452,Clean,14,1,0,0,0,0,0,0,0,0,6,189
15987,Clean,0,0,0,0,0,0,0,0,0,0,8,235
15062,Clean,4,2,0,0,0,0,0,0,0,0,14,264
13834,Clean,6,2,0,0,0,0,0,0,0,0,18,84
15034,Clean,2,1,0,0,0,0,0,0,0,0,12,135
13231,Clean,0,0,0,0,0,0,0,0,0,0,1,106
15971,Clean,2,0,0,0,0,0,0,0,0,0,9,79
5488,Clean,4,0,0,0,0,0,0,0,0,0,4,187
40288,Clean,2,0,0,0,0,0,0,0,0,0,7,249
48146,Clean,1,1,0,0,0,0,0,0,0,1,15,190
14963,Clean,14,2,0,0,0,0,0,0,0,0,16,194
13125,Clean,6,2,0,0,0,0,0,0,0,0,8,254
13338,Clean,8,1,0,0,0,0,0,0,0,0,6,92
16133,Clean,1,0,0,0,0,0,0,0,0,0,19,183
14494,Clean,5,0,0,0,0,0,0,0,0,0,1,207
9398,Clean,8,1,0,0,0,0,0,0,0,0,0,215
123288,Malicious,73,22,4,1,1,0,0,1,0,0,6,198
65426,Suspicious,21,13,0,10,0,0,0,0,0,0,56,234
14090,Clean,14,1,0,0,0,0,0,0,0,0,11,248
41022,Clean,0,0,0,0,0,0,0,0,0,0,1,243
128768,Clean,15,2,0,0,0,0,0,0,0,0,0,109
33537,Clean,1,2,0,0,0,0,0,0,0,0,17,112
13742,Clean,0,1,0,0,0,0,0,0,0,0,17,145
15085,Clean,15,2,0,0,0,0,0,0,0,0,8,272
13516,Clean,12,2,0,0,0,0,0,0,0,0,8,120
15768,Clean,9,2,0,0,0,0,0,0,0,0,11,267
14119,Clean,5,1,0,0,0,0,0,0,0,0,8,216
16289,Clean,4,1,0,0,0,0,0,0,0,0,9,228
122801,Clean,18,2,0,0,0,0,0,0,0,0,12,178
13928,Clean,12,1,0,0,0,0,0,0,0,0,17,294
16690,Clean,0,1,0,0,0,0,0,0,0,0,5,288
13113,Clean,15,0,0,0,0,0,0,0,0,0,15,179
15630,Clean,16,1,0,0,0,0,0,0,0,0,3,276
16612,Clean,0,0,0,0,0,0,0,0,0,0,5,287
14246,Clean,1,1,0,0,0,0,0,0,0,0,2,223
33304,Clean,17,1,0,0,0,0,0,0,0,0,10,252
48822,Clean,9,0,0,0,0,0,0,0,0,0,0,245
34071,Clean,0,0,0,0,0,0,0,0,0,0,11,97
33325,Clean,0,1,0,0,0,0,0,0,0,0,18,202
36217,Clean,0,2,0,0,0,0,0,0,0,0,4,147
34513,Clean,15,2,0,0,0,0,0,0,0,0,19,286
45147,Clean,17,2,0,0,0,0,0,0,0,0,19,120
125212,Clean,11,1,0,0,0,0,0,0,0,0,12,162
47157,Clean,10,2,0,0,0,0,0,0,0,0,18,78
47034,Clean,13,1,0,0,0,0,0,0,0,0,14,199
33769,Clean,0,2,0,0,0,0,0,0,0,0,12,104
14796,Clean,6,0,0,0,0,0,0,0,0,0,2,64
14855,Clean,0,0,0,0,0,0,0,0,0,0,16,133
15490,Clean,20,1,0,0,0,0,0,0,0,0,16,290
15860,Clean,7,0,0,0,0,0,0,0,0,0,1,122
13208,Clean,0,2,0,0,0,0,0,0,0,0,1,260
31241,Clean,8,0,0,0,0,0,0,0,0,0,7,296
27338,Clean,9,0,0,0,0,0,0,0,0,0,0,130
14512,Clean,0,0,0,0,0,0,0,0,0,0,13,87
15447,Clean,4,1,0,0,0,0,0,0,0,0,14,128
13715,Clean,10,1,0,0,0,0,0,0,0,0,12,73
14466,Clean,10,2,0,0,0,0,0,0,0,0,13,137
16338,Clean,16,0,0,0,0,0,0,0,0,0,1,232
15319,Clean,7,0,0,0,0,0,0,0,0,0,9,206
16167,Clean,0,2,0,0,0,0,0,0,0,0,1,254
33051,Clean,2,0,0,0,0,0,0,0,0,0,19,240
40114,Clean,0,0,0,0,0,0,0,0,0,0,14,176
92350,Clean,3,1,0,0,0,0,0,0,0,0,3,240
104201,Clean,17,1,0,0,0,0,0,0,0,0,3,181
37163,Clean,4,2,0,0,0,0,0,0,0,0,4,271
7939,Clean,0,2,0,0,0,0,0,0,0,1,12,77
2706,Clean,9,2,0,0,0,0,0,0,0,0,7,273
15532,Clean,2,0,0,0,0,0,0,0,0,0,14,287
16077,Clean,0,0,0,0,0,0,0,0,0,0,14,139
13514,Clean,10,2,0,0,0,0,0,0,0,0,12,130
117436,Clean,7,2,0,0,0,0,0,0,0,0,17,244
14917,Clean,4,0,0,0,0,0,0,0,0,0,9,263
42373,Clean,0,2,0,0,0,0,0,0,0,0,8,78
13706,Clean,12,1,0,0,0,0,0,0,0,0,8,242
16737,Clean,2,2,0,0,0,0,0,0,0,0,5,288
14222,Clean,11,1,0,0,0,0,0,0,0,0,19,282
16644,Clean,16,2,0,0,0,0,0,0,0,0,4,170
14561,Clean,11,2,0,0,0,0,0,0,0,0,8,129
36790,Clean,0,0,0,0,0,0,0,1,0,0,9,61
15098,Clean,4,2,0,0,0,0,0,0,0,0,3,191
14130,Suspicious,21,10,0,5,0,0,0,0,0,0,28,75
13688,Clean,2,0,0,0,0,0,0,0,0,0,6,161
34977,Clean,0,1,0,0,0,0,0,0,0,0,15,157
40956,Clean,9,0,0,0,0,0,0,0,1,0,4,213
33840,Suspicious,30,5,0,7,0,0,0,1,0,0,11,71
13167,Clean,0,1,0,0,0,0,0,0,0,0,7,205
34856,Suspicious,22,9,0,1,0,0,0,0,0,0,34,78
13402,Clean,9,1,0,0,0,0,0,0,0,0,5,129
43394,Clean,0,0,0,0,0,0,0,0,0,0,10,250
16043,Clean,10,2,0,0,0,0,0,0,0,0,4,279
15408,Clean,2,2,0,0,0,0,0,0,0,0,17,239
40894,Clean,14,0,0,0,0,0,0,0,0,0,9,64
22311,Clean,8,2,0,0,0,0,0,0,0,0,14,216
10654,Clean,17,2,0,0,0,0,0,0,0,0,1,147
14601,Clean,0,2,0,0,0,0,0,0,0,0,10,226
15843,Clean,5,0,0,0,0,0,0,0,0,0,14,88
14664,Clean,7,2,0,0,0,0,0,0,0,0,10,276
13816,Clean,0,0,0,0,0,0,0,0,0,0,10,110
88758,Malicious,83,13,1,8,0,0,1,1,1,0,323,205
3338,Clean,6,1,0,0,0,0,0,0,0,0,0,138
